cell_id,cell_type,nCount_RNA,nFeature_RNA,integrated_snn_res.0.4,seurat_clusters,celltype
WT_AAACGGGAGGGAACGG-1,WT,10951,2972,5,5,Macrophages
WT_AAAGATGGTCTCGTTC-1,WT,5634,1993,0,0,Macrophages
WT_AAAGCAATCCGGGTGT-1,WT,7225,2169,7,7,Macrophages
WT_AAATGCCCATCACAAC-1,WT,6834,2084,0,0,Macrophages
WT_AAATGCCGTCTTCAAG-1,WT,13432,3300,1,1,Macrophages
WT_AACCATGTCCACTCCA-1,WT,9804,3325,5,5,Macrophages
WT_AACCGCGGTCCAAGTT-1,WT,7276,2402,1,1,Macrophages
WT_AACTCAGTCGCGGATC-1,WT,16689,3929,5,5,Macrophages
WT_AACTCTTAGTACACCT-1,WT,4814,1822,0,0,Macrophages
WT_AACTCTTCAATGAAAC-1,WT,12058,3071,1,1,Macrophages
WT_AAGGAGCGTGGGTATG-1,WT,6266,2099,1,1,Macrophages
WT_AAGTCTGAGTTTAGGA-1,WT,14091,3537,5,5,Macrophages
WT_AATCCAGGTTCGTCTC-1,WT,8745,2555,0,0,Macrophages
WT_ACACCAAAGCATGGCA-1,WT,19293,3982,1,1,Macrophages
WT_ACACCGGCAGGAACGT-1,WT,7236,2226,0,0,Macrophages
WT_ACACTGAGTAGTAGTA-1,WT,5205,2159,5,5,Macrophages
WT_ACAGCCGCAGGGCATA-1,WT,9886,2743,1,1,Macrophages
WT_ACATACGTCTTGGGTA-1,WT,7247,2175,7,7,Macrophages
WT_ACATCAGAGGTGTGGT-1,WT,8940,2728,1,1,Macrophages
WT_ACATCAGTCCACTGGG-1,WT,6365,2081,0,0,Macrophages
WT_ACATGGTCAAGTCTGT-1,WT,11175,3152,1,1,Macrophages
WT_ACATGGTGTCTCCATC-1,WT,7271,2228,0,0,Macrophages
WT_ACCAGTAAGACCTAGG-1,WT,2509,1177,1,1,Macrophages
WT_ACCAGTAGTACACCGC-1,WT,2581,1180,0,0,Macrophages
WT_ACCAGTAGTCATACTG-1,WT,14006,3323,1,1,Macrophages
WT_ACCCACTCACTGAAGG-1,WT,6268,1810,1,1,Macrophages
WT_ACCTTTACAGCTGGCT-1,WT,6299,1911,0,0,Macrophages
WT_ACGAGCCGTTGAGTTC-1,WT,6349,1956,0,0,Macrophages
WT_ACGAGGACAGTCCTTC-1,WT,19575,4160,5,5,Macrophages
WT_ACGAGGATCAGTTAGC-1,WT,9870,2677,1,1,Macrophages
WT_ACGATACCAGGTTTCA-1,WT,22447,4537,5,5,Macrophages
WT_ACGCAGCGTCCATCCT-1,WT,4676,1515,0,0,Macrophages
WT_ACGCAGCTCCCAACGG-1,WT,6972,2391,0,0,Macrophages
WT_ACGCCAGAGACTCGGA-1,WT,5690,2121,7,7,Macrophages
WT_ACGCCGATCTATGTGG-1,WT,9169,2317,1,1,Macrophages
WT_ACGGCCACACCATCCT-1,WT,8220,2438,0,0,Macrophages
WT_ACGGGTCAGCCACGTC-1,WT,3992,1644,0,0,Macrophages
WT_ACGGGTCTCGAGCCCA-1,WT,11988,3467,1,1,Macrophages
WT_ACGTCAAGTAGGCATG-1,WT,10693,2941,1,1,Macrophages
WT_ACGTCAAGTCCCGACA-1,WT,4193,1581,0,0,Macrophages
WT_ACTGAACAGTAATCCC-1,WT,6238,1968,0,0,Macrophages
WT_ACTGAACAGTCTTGCA-1,WT,14367,3237,1,1,Macrophages
WT_ACTGAACTCCCGACTT-1,WT,18080,3942,1,1,Macrophages
WT_ACTGAACTCGTGGGAA-1,WT,25284,4116,1,1,Macrophages
WT_ACTGAACTCTGCTGTC-1,WT,5889,1816,0,0,Macrophages
WT_ACTGATGCAGCTCGAC-1,WT,13019,3332,1,1,Macrophages
WT_ACTGATGGTCTTTCAT-1,WT,16076,3509,1,1,Macrophages
WT_ACTGCTCAGGAGTACC-1,WT,10864,2982,1,1,Macrophages
WT_ACTGTCCCATCAGTCA-1,WT,11210,2812,1,1,Macrophages
WT_ACTTACTGTAAGCACG-1,WT,8092,2773,7,7,Macrophages
WT_ACTTGTTGTCGCATCG-1,WT,5033,1809,1,1,Macrophages
WT_ACTTGTTTCCGTTGCT-1,WT,5568,1998,0,0,Macrophages
WT_ACTTTCACACAGAGGT-1,WT,4159,1695,1,1,Macrophages
WT_AGAATAGCACATAACC-1,WT,2252,1143,1,1,Macrophages
WT_AGACGTTGTAAGAGGA-1,WT,11760,3099,5,5,Macrophages
WT_AGAGCGACACTGAAGG-1,WT,16999,3743,1,1,Macrophages
WT_AGAGTGGGTAGCTAAA-1,WT,24771,4350,1,1,Macrophages
WT_AGATCTGAGTAACCCT-1,WT,23927,4966,5,5,Macrophages
WT_AGATTGCAGGCACATG-1,WT,3860,1431,0,0,Macrophages
WT_AGATTGCCACTGCCAG-1,WT,22379,4712,5,5,Macrophages
WT_AGATTGCGTGAAATCA-1,WT,12362,3103,1,1,Macrophages
WT_AGATTGCTCAGCATGT-1,WT,12465,3250,0,0,Macrophages
WT_AGCATACGTATGAATG-1,WT,9146,2758,1,1,Macrophages
WT_AGCATACGTTCGTGAT-1,WT,2507,1142,7,7,Macrophages
WT_AGCGTATAGATGCGAC-1,WT,4816,1614,0,0,Macrophages
WT_AGCGTCGGTACCAGTT-1,WT,15148,3179,1,1,Macrophages
WT_AGCGTCGTCTCTTGAT-1,WT,11159,3211,5,5,Macrophages
WT_AGCTCTCAGATGTCGG-1,WT,7350,2258,0,0,Macrophages
WT_AGCTCTCGTCCGAAGA-1,WT,3109,1391,0,0,Macrophages
WT_AGCTCTCGTTACCGAT-1,WT,12249,3426,1,1,Macrophages
WT_AGCTTGACAGGCAGTA-1,WT,10559,2622,0,0,Macrophages
WT_AGGCCACAGCGTGAAC-1,WT,3789,1479,1,1,Macrophages
WT_AGGCCACGTGTATGGG-1,WT,6759,2189,0,0,Macrophages
WT_AGGCCACTCGCATGAT-1,WT,12069,3150,1,1,Macrophages
WT_AGGCCGTGTCTAGTGT-1,WT,11769,2965,5,5,Macrophages
WT_AGGCCGTTCCTCCTAG-1,WT,3474,1524,0,0,Macrophages
WT_AGGGAGTTCCCAAGAT-1,WT,6135,2367,5,5,Macrophages
WT_AGGGATGCACTTCTGC-1,WT,3673,1322,1,1,Macrophages
WT_AGGGATGCATAAGACA-1,WT,3053,1001,1,1,Macrophages
WT_AGGGTGAAGCGTGAAC-1,WT,17486,3624,1,1,Macrophages
WT_AGGTCATAGGCTACGA-1,WT,13650,3335,1,1,Macrophages
WT_AGGTCATTCTCAAACG-1,WT,7055,2145,0,0,Macrophages
WT_AGTAGTCCAGACGTAG-1,WT,10491,2932,1,1,Macrophages
WT_AGTCTTTTCGTTGCCT-1,WT,12093,3338,1,1,Macrophages
WT_AGTTGGTGTATGCTTG-1,WT,12000,3050,1,1,Macrophages
WT_ATAACGCCAGTGGGAT-1,WT,13768,3434,1,1,Macrophages
WT_ATAAGAGCAGACAAAT-1,WT,7054,2271,1,1,Macrophages
WT_ATAGACCAGAGTGACC-1,WT,12680,2817,0,0,Macrophages
WT_ATCACGAGTCTAGGTT-1,WT,6516,1962,1,1,Macrophages
WT_ATCTGCCGTTACGGAG-1,WT,7085,2230,7,7,Macrophages
WT_ATGCGATAGGAGCGAG-1,WT,10226,2750,1,1,Macrophages
WT_ATGCGATCAATGTTGC-1,WT,4672,1815,1,1,Macrophages
WT_ATGTGTGCAAACTGCT-1,WT,21895,4464,5,5,Macrophages
WT_ATGTGTGCATTCACTT-1,WT,7439,2270,0,0,Macrophages
WT_ATTATCCAGCATCATC-1,WT,8573,2478,0,0,Macrophages
WT_ATTATCCGTTGTGGCC-1,WT,9612,2898,1,1,Macrophages
WT_ATTCTACAGCTGCAAG-1,WT,14336,3266,0,0,Macrophages
WT_ATTGGACAGGTGACCA-1,WT,16478,4247,5,5,Macrophages
WT_ATTGGACTCCGTAGGC-1,WT,6306,2059,0,0,Macrophages
WT_ATTGGTGAGGTCGGAT-1,WT,4810,1732,0,0,Macrophages
WT_CAACCAAGTCTCATCC-1,WT,13980,3140,0,0,Macrophages
WT_CAACCTCGTATTCGTG-1,WT,12593,3842,5,5,Macrophages
WT_CAACTAGAGGCCATAG-1,WT,5153,1681,7,7,Macrophages
WT_CAAGATCTCCAGGGCT-1,WT,2516,1123,0,0,Macrophages
WT_CAAGGCCCATCCAACA-1,WT,19508,4374,5,5,Macrophages
WT_CAAGTTGGTGGGTCAA-1,WT,11351,3000,1,1,Macrophages
WT_CACAAACGTCTTGCGG-1,WT,6966,1931,0,0,Macrophages
WT_CACACAAGTTCGCTAA-1,WT,3165,1270,1,1,Macrophages
WT_CACACTCTCTGGCGTG-1,WT,13149,3039,1,1,Macrophages
WT_CACAGGCTCAGTTTGG-1,WT,7542,2253,0,0,Macrophages
WT_CACAGGCTCTTCGGTC-1,WT,3398,1316,0,0,Macrophages
WT_CACATAGCAAGTTCTG-1,WT,3448,1575,1,1,Macrophages
WT_CACATAGGTAACGCGA-1,WT,5130,1702,0,0,Macrophages
WT_CACCTTGAGTAGCCGA-1,WT,2551,1138,0,0,Macrophages
WT_CACCTTGCAGGTTTCA-1,WT,5660,2043,7,7,Macrophages
WT_CACTCCAGTAGCACGA-1,WT,7665,2286,7,7,Macrophages
WT_CAGAATCAGCTCCTTC-1,WT,2677,1051,1,1,Macrophages
WT_CAGAGAGAGCAATCTC-1,WT,3301,1436,7,7,Macrophages
WT_CAGCAGCCAATCCGAT-1,WT,24896,3880,0,0,Macrophages
WT_CAGCAGCCACATGACT-1,WT,3740,1479,0,0,Macrophages
WT_CAGCATATCCGAACGC-1,WT,3879,1435,1,1,Macrophages
WT_CAGCCGAAGTGTACTC-1,WT,7477,2109,0,0,Macrophages
WT_CAGCGACCACGGCCAT-1,WT,5433,1878,0,0,Macrophages
WT_CAGCTAAGTACCAGTT-1,WT,2247,1102,7,7,Macrophages
WT_CAGGTGCGTGTTGAGG-1,WT,3640,1436,0,0,Macrophages
WT_CAGTAACAGAGCTGGT-1,WT,6330,1960,0,0,Macrophages
WT_CAGTAACGTACGCTGC-1,WT,4769,1770,0,0,Macrophages
WT_CAGTAACTCCTCAATT-1,WT,5020,1817,0,0,Macrophages
WT_CAGTCCTGTGGCGAAT-1,WT,12729,3461,1,1,Macrophages
WT_CAGTCCTTCACAACGT-1,WT,5521,1895,0,0,Macrophages
WT_CAGTCCTTCATGGTCA-1,WT,12285,3063,0,0,Macrophages
WT_CATATGGAGGATGCGT-1,WT,4530,1737,1,1,Macrophages
WT_CATCCACCACGACTCG-1,WT,8636,2560,5,5,Macrophages
WT_CATGCCTAGAGTAATC-1,WT,8237,2626,1,1,Macrophages
WT_CATGCCTGTAGCTGCC-1,WT,8160,2569,1,1,Macrophages
WT_CATTCGCAGTACGCGA-1,WT,9273,2373,0,0,Macrophages
WT_CATTCGCCAAAGAATC-1,WT,7094,2262,0,0,Macrophages
WT_CATTCGCTCGGATGGA-1,WT,10183,2870,1,1,Macrophages
WT_CCAGCGAGTATTCTCT-1,WT,9124,2944,1,1,Macrophages
WT_CCAGCGATCAGGCCCA-1,WT,5933,2082,1,1,Macrophages
WT_CCAGCGATCTAGAGTC-1,WT,8327,2301,0,0,Macrophages
WT_CCCAATCAGACTGGGT-1,WT,9714,2602,0,0,Macrophages
WT_CCCAATCGTAAGAGGA-1,WT,2381,1060,0,0,Macrophages
WT_CCCAATCTCTTATCTG-1,WT,4113,1591,0,0,Macrophages
WT_CCCAGTTAGTTCCACA-1,WT,6543,2169,1,1,Macrophages
WT_CCCTCCTCATCACGTA-1,WT,4159,1377,0,0,Macrophages
WT_CCCTCCTTCCAAGCCG-1,WT,2424,1139,1,1,Macrophages
WT_CCCTCCTTCGTCTGCT-1,WT,32609,5473,5,5,Macrophages
WT_CCGGGATTCGCATGGC-1,WT,4553,1815,7,7,Macrophages
WT_CCGGTAGGTCGGCATC-1,WT,9261,2391,0,0,Macrophages
WT_CCGTGGAAGGACGAAA-1,WT,6916,2229,1,1,Macrophages
WT_CCGTGGAGTCAATACC-1,WT,4915,1770,1,1,Macrophages
WT_CCGTGGAGTTTCCACC-1,WT,8818,2790,1,1,Macrophages
WT_CCGTGGATCCCAGGTG-1,WT,15019,3215,0,0,Macrophages
WT_CCGTTCACAAATACAG-1,WT,5417,1614,0,0,Macrophages
WT_CCTAAAGAGACCACGA-1,WT,8555,2568,0,0,Macrophages
WT_CCTACACTCTTGCCGT-1,WT,11546,2948,0,0,Macrophages
WT_CCTACCAAGGGAGTAA-1,WT,7982,2492,1,1,Macrophages
WT_CCTAGCTCATGGTCAT-1,WT,13167,3056,1,1,Macrophages
WT_CCTAGCTTCTCGATGA-1,WT,11127,3027,1,1,Macrophages
WT_CCTATTAGTCTTCTCG-1,WT,19198,3722,1,1,Macrophages
WT_CCTCAGTTCTCGCTTG-1,WT,10495,2888,0,0,Macrophages
WT_CCTCTGAGTCACTGGC-1,WT,17075,3904,5,5,Macrophages
WT_CCTTTCTCATACTCTT-1,WT,7429,2271,0,0,Macrophages
WT_CCTTTCTGTACCATCA-1,WT,9269,2520,0,0,Macrophages
WT_CCTTTCTTCCAAAGTC-1,WT,9208,2466,1,1,Macrophages
WT_CGAATGTCATCTCCCA-1,WT,8362,2547,1,1,Macrophages
WT_CGAATGTGTAGAGCTG-1,WT,11744,2968,1,1,Macrophages
WT_CGACCTTGTTCACCTC-1,WT,17789,3870,1,1,Macrophages
WT_CGACCTTTCCACGCAG-1,WT,8047,2173,0,0,Macrophages
WT_CGAGCCATCAAGGTAA-1,WT,8872,2537,0,0,Macrophages
WT_CGATCGGTCCTCGCAT-1,WT,16306,3396,0,0,Macrophages
WT_CGCGGTATCAACGGGA-1,WT,9431,2746,1,1,Macrophages
WT_CGCGTTTAGCATCATC-1,WT,7819,2388,0,0,Macrophages
WT_CGCGTTTTCTGCCCTA-1,WT,2226,980,1,1,Macrophages
WT_CGCGTTTTCTGGGCCA-1,WT,10500,2866,0,0,Macrophages
WT_CGCTGGAAGACATAAC-1,WT,8584,2465,1,1,Macrophages
WT_CGGACACCAGATCTGT-1,WT,10877,2895,7,7,Macrophages
WT_CGGACACGTACTTAGC-1,WT,11653,2863,1,1,Macrophages
WT_CGGACACGTCATTAGC-1,WT,4243,1633,1,1,Macrophages
WT_CGGACACTCATTGCGA-1,WT,5306,1921,7,7,Macrophages
WT_CGGACACTCGCCTGAG-1,WT,4591,1632,0,0,Macrophages
WT_CGGAGTCCATCCCACT-1,WT,2713,1077,0,0,Macrophages
WT_CGGCTAGCACCCAGTG-1,WT,4073,1630,0,0,Macrophages
WT_CGGTTAAGTATATGAG-1,WT,2264,973,7,7,Macrophages
WT_CGGTTAAGTCTCTCGT-1,WT,13671,3209,1,1,Macrophages
WT_CGTAGCGTCCCTCAGT-1,WT,3074,1327,1,1,Macrophages
WT_CGTAGCGTCTTCTGGC-1,WT,12016,3182,1,1,Macrophages
WT_CGTCACTTCCTGCAGG-1,WT,8862,2677,0,0,Macrophages
WT_CGTGAGCGTCATTAGC-1,WT,9199,2526,5,5,Macrophages
WT_CGTGTCTCAAGAGGCT-1,WT,3503,1511,0,0,Macrophages
WT_CGTGTCTTCTAACTCT-1,WT,8154,2239,0,0,Macrophages
WT_CGTTGGGCACCAGCAC-1,WT,3032,1173,0,0,Macrophages
WT_CTAAGACAGGAGTCTG-1,WT,5035,2067,7,7,Macrophages
WT_CTAAGACTCCAGAGGA-1,WT,3553,1497,7,7,Macrophages
WT_CTAAGACTCGCGGATC-1,WT,9348,2328,1,1,Macrophages
WT_CTACGTCCATGTTGAC-1,WT,5834,1775,0,0,Macrophages
WT_CTAGAGTCAAGCCATT-1,WT,11046,2760,1,1,Macrophages
WT_CTAGCCTAGTGAAGTT-1,WT,3312,1341,1,1,Macrophages
WT_CTAGCCTGTCGCCATG-1,WT,3003,1474,1,1,Macrophages
WT_CTAGCCTGTTCCGTCT-1,WT,8657,2577,7,7,Macrophages
WT_CTAGTGACATTGCGGC-1,WT,4451,1729,1,1,Macrophages
WT_CTAGTGAGTATCGCAT-1,WT,2161,1003,0,0,Macrophages
WT_CTCATTAAGCGTGAGT-1,WT,20584,4370,5,5,Macrophages
WT_CTCCTAGTCATGCTCC-1,WT,11621,2753,0,0,Macrophages
WT_CTCGAAATCGCCGTGA-1,WT,7641,1987,0,0,Macrophages
WT_CTCGGGACAAGACACG-1,WT,10038,2662,1,1,Macrophages
WT_CTCGGGATCTCCTATA-1,WT,2672,753,1,1,Macrophages
WT_CTCGTACAGGCGATAC-1,WT,5635,1754,0,0,Macrophages
WT_CTCGTACTCCAAATGC-1,WT,2574,1197,1,1,Macrophages
WT_CTCGTCAAGTAGTGCG-1,WT,15441,3322,5,5,Macrophages
WT_CTCGTCACAATCAGAA-1,WT,7715,2377,1,1,Macrophages
WT_CTCTAATCAATAGAGT-1,WT,16606,3625,1,1,Macrophages
WT_CTGCCTATCTAGCACA-1,WT,9765,2788,1,1,Macrophages
WT_CTGCGGAGTGCCTGGT-1,WT,8514,2777,1,1,Macrophages
WT_CTGCTGTCAAGCGCTC-1,WT,16258,3723,0,0,Macrophages
WT_CTGCTGTGTAGAAGGA-1,WT,8873,2892,5,5,Macrophages
WT_CTGTTTACATGCCTTC-1,WT,2446,1110,7,7,Macrophages
WT_CTGTTTAGTTACAGAA-1,WT,11057,2788,0,0,Macrophages
WT_CTTACCGTCAACACCA-1,WT,16347,3804,5,5,Macrophages
WT_CTTAGGAAGGAGTAGA-1,WT,17239,3839,1,1,Macrophages
WT_CTTCTCTTCACCTCGT-1,WT,10624,2602,0,0,Macrophages
WT_GAACATCCAGTAACGG-1,WT,7985,2341,0,0,Macrophages
WT_GAAGCAGAGGTGTTAA-1,WT,11204,2824,1,1,Macrophages
WT_GAATAAGAGCGAAGGG-1,WT,13060,2938,7,7,Macrophages
WT_GACACGCCAACTTGAC-1,WT,7832,2364,0,0,Macrophages
WT_GACAGAGTCATCGCTC-1,WT,2836,1214,0,0,Macrophages
WT_GACCAATAGATATGGT-1,WT,25902,4575,1,1,Macrophages
WT_GACGGCTCAATCACAC-1,WT,6175,2193,1,1,Macrophages
WT_GACGGCTCATCCGTGG-1,WT,27759,4458,1,1,Macrophages
WT_GACGGCTTCCTTGGTC-1,WT,17657,3707,1,1,Macrophages
WT_GACGTGCGTACCGCTG-1,WT,6014,1920,0,0,Macrophages
WT_GACGTTAAGCACGCCT-1,WT,12379,3132,1,1,Macrophages
WT_GACGTTATCTCGATGA-1,WT,19954,3392,1,1,Macrophages
WT_GACTACACAGGTCGTC-1,WT,7275,2289,0,0,Macrophages
WT_GAGTCCGAGAAGGTTT-1,WT,14880,3625,1,1,Macrophages
WT_GAGTCCGAGTATCGAA-1,WT,22642,4291,1,1,Macrophages
WT_GAGTCCGGTAAACACA-1,WT,6100,1774,0,0,Macrophages
WT_GATCGATAGGTGACCA-1,WT,6619,2176,1,1,Macrophages
WT_GATCGCGGTCTTCTCG-1,WT,4340,1522,0,0,Macrophages
WT_GATCTAGAGAACAATC-1,WT,17986,3722,1,1,Macrophages
WT_GATCTAGCATGCCTAA-1,WT,5834,1959,0,0,Macrophages
WT_GATGCTAAGACTAGGC-1,WT,7276,2055,0,0,Macrophages
WT_GATGCTACAACGATGG-1,WT,6296,2211,0,0,Macrophages
WT_GATGCTACATGGGAAC-1,WT,8203,2650,1,1,Macrophages
WT_GATTCAGCAGGCAGTA-1,WT,10400,2573,1,1,Macrophages
WT_GCAAACTGTTCACCTC-1,WT,24669,4550,1,1,Macrophages
WT_GCAAACTTCTATCCCG-1,WT,5841,1847,0,0,Macrophages
WT_GCACATAGTTGTCTTT-1,WT,10042,2796,7,7,Macrophages
WT_GCAGCCACATTACCTT-1,WT,6179,1907,0,0,Macrophages
WT_GCAGTTATCCTAGGGC-1,WT,39674,5054,1,1,Macrophages
WT_GCATGCGAGCCAGGAT-1,WT,6059,2275,1,1,Macrophages
WT_GCATGCGAGTGTCCCG-1,WT,4859,1684,0,0,Macrophages
WT_GCATGCGCAGATGGCA-1,WT,7520,2152,0,0,Macrophages
WT_GCATGTATCTAGCACA-1,WT,17011,4202,5,5,Macrophages
WT_GCCAAATAGGATCGCA-1,WT,6348,2036,0,0,Macrophages
WT_GCCTCTATCTTGGGTA-1,WT,12383,2973,7,7,Macrophages
WT_GCGACCACATACAGCT-1,WT,4490,1815,1,1,Macrophages
WT_GCGCAACTCGGAGCAA-1,WT,12440,3099,0,0,Macrophages
WT_GCGCAGTCAGCCAATT-1,WT,11735,2954,1,1,Macrophages
WT_GCGCAGTCATATACCG-1,WT,8152,2437,7,7,Macrophages
WT_GCGCAGTGTGCAGGTA-1,WT,3806,1391,0,0,Macrophages
WT_GCGCAGTTCGTTACAG-1,WT,3502,1442,1,1,Macrophages
WT_GCGCCAACACCGGAAA-1,WT,5463,1590,0,0,Macrophages
WT_GCGCCAACATCTCGCT-1,WT,9646,2641,0,0,Macrophages
WT_GCGCGATCAAGCCGCT-1,WT,8171,2466,0,0,Macrophages
WT_GCGCGATCACCAGCAC-1,WT,4148,1694,0,0,Macrophages
WT_GCGCGATGTCAACATC-1,WT,28042,4315,1,1,Macrophages
WT_GCGCGATGTTACGTCA-1,WT,7200,2253,1,1,Macrophages
WT_GCGCGATTCAGAGGTG-1,WT,4179,1655,0,0,Macrophages
WT_GCGCGATTCGCCATAA-1,WT,15863,3562,1,1,Macrophages
WT_GCGGGTTTCGTCTGAA-1,WT,2995,1320,0,0,Macrophages
WT_GCTCTGTGTTAAGATG-1,WT,11035,2915,1,1,Macrophages
WT_GCTGCAGTCCTGTACC-1,WT,5090,773,1,1,Macrophages
WT_GCTGCGACATGAGCGA-1,WT,9293,2581,1,1,Macrophages
WT_GCTGCGAGTTCAGTAC-1,WT,6181,2061,0,0,Macrophages
WT_GCTGCTTCACTGTGTA-1,WT,10909,3157,1,1,Macrophages
WT_GCTGGGTAGATTACCC-1,WT,20084,4391,1,1,Macrophages
WT_GCTTGAACACCAGCAC-1,WT,9495,2766,1,1,Macrophages
WT_GCTTGAATCACCATAG-1,WT,15099,3618,1,1,Macrophages
WT_GGAAAGCAGACTGTAA-1,WT,3490,1466,0,0,Macrophages
WT_GGAACTTAGTGTTTGC-1,WT,8714,2661,7,7,Macrophages
WT_GGAATAACAGTGACAG-1,WT,4664,1503,0,0,Macrophages
WT_GGAATAATCATTTGGG-1,WT,6684,2305,0,0,Macrophages
WT_GGACAGATCCCATTTA-1,WT,7341,2014,0,0,Macrophages
WT_GGACGTCCACAGACAG-1,WT,10842,2829,0,0,Macrophages
WT_GGACGTCCACCTCGTT-1,WT,4807,1719,7,7,Macrophages
WT_GGAGCAACAGGTGCCT-1,WT,7558,2341,1,1,Macrophages
WT_GGATGTTGTAGGACAC-1,WT,10802,2992,1,1,Macrophages
WT_GGATTACAGGTGACCA-1,WT,11870,2910,1,1,Macrophages
WT_GGCCGATAGAAGCCCA-1,WT,4131,1728,7,7,Macrophages
WT_GGCCGATCAAGGTTTC-1,WT,5649,1881,1,1,Macrophages
WT_GGCCGATGTTCAACCA-1,WT,3555,1467,1,1,Macrophages
WT_GGCGACTTCGAATCCA-1,WT,4669,1710,1,1,Macrophages
WT_GGCGTGTAGAGTGACC-1,WT,4946,1562,1,1,Macrophages
WT_GGCGTGTCATCCGTGG-1,WT,9665,2703,1,1,Macrophages
WT_GGCTCGAAGCTCCTCT-1,WT,2639,1287,1,1,Macrophages
WT_GGCTCGACACCAGCAC-1,WT,5244,2105,1,1,Macrophages
WT_GGGAATGCAAAGGTGC-1,WT,5562,1908,1,1,Macrophages
WT_GGGAATGCAGAGTGTG-1,WT,10584,3085,1,1,Macrophages
WT_GGGACCTTCGCACTCT-1,WT,12348,3330,0,0,Macrophages
WT_GGGAGATTCCAATGGT-1,WT,7592,2501,1,1,Macrophages
WT_GGGCACTCAGACGCTC-1,WT,21099,4014,1,1,Macrophages
WT_GGGCATCGTGGTTTCA-1,WT,10519,2861,7,7,Macrophages
WT_GGGTCTGAGCGTGTCC-1,WT,7445,2378,7,7,Macrophages
WT_GGGTTGCAGATGTGTA-1,WT,3116,1416,1,1,Macrophages
WT_GGTGCGTCATGCCACG-1,WT,13044,3329,1,1,Macrophages
WT_GTAACGTAGACTTTCG-1,WT,4613,1792,1,1,Macrophages
WT_GTACGTACAATGAATG-1,WT,2917,1187,1,1,Macrophages
WT_GTACGTAGTATATCCG-1,WT,4942,1853,1,1,Macrophages
WT_GTACTTTGTTATCCGA-1,WT,2657,1248,5,5,Macrophages
WT_GTACTTTGTTCGCTAA-1,WT,6600,2035,7,7,Macrophages
WT_GTAGGCCAGTCCGGTC-1,WT,6185,2136,0,0,Macrophages
WT_GTAGGCCCACCCTATC-1,WT,20549,4223,1,1,Macrophages
WT_GTAGTCAGTTACCGAT-1,WT,2774,1118,0,0,Macrophages
WT_GTATCTTAGTAACCCT-1,WT,5949,1961,1,1,Macrophages
WT_GTATTCTGTGGGTCAA-1,WT,14166,3334,1,1,Macrophages
WT_GTCACGGAGGATGGTC-1,WT,6910,2332,5,5,Macrophages
WT_GTCCTCAGTTGTCGCG-1,WT,7442,2230,7,7,Macrophages
WT_GTCGGGTAGGCCCTTG-1,WT,2257,1092,1,1,Macrophages
WT_GTCGGGTGTAGCGATG-1,WT,5244,1866,0,0,Macrophages
WT_GTCGTAATCACATGCA-1,WT,3027,1232,5,5,Macrophages
WT_GTCTCGTAGTTCCACA-1,WT,6644,2017,1,1,Macrophages
WT_GTCTCGTTCAGTTAGC-1,WT,12943,3289,1,1,Macrophages
WT_GTGCAGCAGATAGGAG-1,WT,9183,2456,0,0,Macrophages
WT_GTGCGGTAGGTAGCTG-1,WT,14836,3342,0,0,Macrophages
WT_GTTACAGTCCCTCAGT-1,WT,5788,1668,0,0,Macrophages
WT_GTTCTCGTCTCTGCTG-1,WT,5428,1975,1,1,Macrophages
WT_GTTTCTACATGTTCCC-1,WT,15949,3745,1,1,Macrophages
WT_TAAGAGACAAGCTGAG-1,WT,10749,3081,1,1,Macrophages
WT_TAAGTGCAGATGCCAG-1,WT,11871,3172,1,1,Macrophages
WT_TACACGAAGGGCTTGA-1,WT,6699,2243,1,1,Macrophages
WT_TACACGACACGGCCAT-1,WT,14161,3420,1,1,Macrophages
WT_TACACGACATGGGACA-1,WT,10868,3071,1,1,Macrophages
WT_TACCTATCAACCGCCA-1,WT,2672,793,1,1,Macrophages
WT_TACCTATTCCAGAAGG-1,WT,3241,1449,0,0,Macrophages
WT_TACGGATAGACTAAGT-1,WT,5434,1820,0,0,Macrophages
WT_TACGGATCAATCTACG-1,WT,9744,2622,0,0,Macrophages
WT_TACGGGCAGGATATAC-1,WT,18562,3970,1,1,Macrophages
WT_TACGGGCGTGCACGAA-1,WT,7225,2038,0,0,Macrophages
WT_TACGGTATCTGAGTGT-1,WT,17340,3996,5,5,Macrophages
WT_TACTCATGTCTTCGTC-1,WT,5754,1822,0,0,Macrophages
WT_TACTCGCCAAGGACTG-1,WT,7896,2325,7,7,Macrophages
WT_TACTCGCTCCTATGTT-1,WT,5663,1941,0,0,Macrophages
WT_TACTTGTAGTGACTCT-1,WT,6009,1919,0,0,Macrophages
WT_TACTTGTGTTATCACG-1,WT,8796,2644,1,1,Macrophages
WT_TAGCCGGGTGGGTCAA-1,WT,31968,5163,5,5,Macrophages
WT_TAGCCGGTCAGCAACT-1,WT,22116,4464,1,1,Macrophages
WT_TAGGCATAGTCTCGGC-1,WT,19919,4626,5,5,Macrophages
WT_TAGGCATAGTTATCGC-1,WT,12095,2965,7,7,Macrophages
WT_TAGTGGTAGACAGAGA-1,WT,10194,2769,0,0,Macrophages
WT_TAGTGGTCAATCTACG-1,WT,6086,2002,1,1,Macrophages
WT_TATCAGGCAGATCGGA-1,WT,22775,4309,5,5,Macrophages
WT_TATCAGGGTACACCGC-1,WT,8033,2747,1,1,Macrophages
WT_TATCAGGTCTAACCGA-1,WT,13952,3612,5,5,Macrophages
WT_TATCTCAGTCACCCAG-1,WT,2832,1222,0,0,Macrophages
WT_TATTACCCACATAACC-1,WT,11983,2987,1,1,Macrophages
WT_TATTACCCACATGTGT-1,WT,11106,2889,1,1,Macrophages
WT_TATTACCTCTTGAGGT-1,WT,3862,1429,0,0,Macrophages
WT_TCAACGAAGGTGTGGT-1,WT,12215,3283,5,5,Macrophages
WT_TCAACGATCTTCTGGC-1,WT,4146,1764,5,5,Macrophages
WT_TCAATCTGTCGGGTCT-1,WT,23098,4145,1,1,Macrophages
WT_TCACGAAGTGAAAGAG-1,WT,10576,2573,0,0,Macrophages
WT_TCAGATGGTGGTGTAG-1,WT,6152,2138,1,1,Macrophages
WT_TCAGCAAAGGTGCTTT-1,WT,19987,4438,5,5,Macrophages
WT_TCAGCAACAGGGAGAG-1,WT,4007,1690,1,1,Macrophages
WT_TCAGCTCCACAGGTTT-1,WT,11914,3414,5,5,Macrophages
WT_TCAGGATTCTATCGCC-1,WT,6645,2356,7,7,Macrophages
WT_TCAGGTACATCTCCCA-1,WT,7246,1984,0,0,Macrophages
WT_TCATTACCAGTTTACG-1,WT,22154,4569,5,5,Macrophages
WT_TCCACACCAGGGTATG-1,WT,5513,1743,7,7,Macrophages
WT_TCGCGAGAGGTTCCTA-1,WT,6492,2038,0,0,Macrophages
WT_TCGCGAGGTGCCTGTG-1,WT,15178,3463,1,1,Macrophages
WT_TCGCGAGTCATTGCCC-1,WT,16372,4019,5,5,Macrophages
WT_TCGGGACCAGCTGCAC-1,WT,5271,1982,1,1,Macrophages
WT_TCGGGACTCGAGGTAG-1,WT,16951,3706,1,1,Macrophages
WT_TCGTACCCACATCTTT-1,WT,15825,3666,7,7,Macrophages
WT_TCGTAGAAGCTCCCAG-1,WT,10074,2863,1,1,Macrophages
WT_TCTATTGCAGGCTCAC-1,WT,3738,1442,7,7,Macrophages
WT_TCTATTGGTCAGAATA-1,WT,20664,4298,1,1,Macrophages
WT_TCTCATAGTCGGCACT-1,WT,14260,3536,1,1,Macrophages
WT_TCTCATATCAGCCTAA-1,WT,7271,2095,0,0,Macrophages
WT_TCTGAGACAAGGGTCA-1,WT,7842,2295,1,1,Macrophages
WT_TCTGAGACACAACTGT-1,WT,6474,2130,1,1,Macrophages
WT_TCTGGAACAGGAACGT-1,WT,11133,3287,1,1,Macrophages
WT_TCTGGAAGTCTGATCA-1,WT,2239,781,1,1,Macrophages
WT_TGACAACGTTCGGCAC-1,WT,19467,4176,1,1,Macrophages
WT_TGACGGCGTCTGCCAG-1,WT,12514,3121,1,1,Macrophages
WT_TGAGAGGGTCGCGAAA-1,WT,15987,3554,1,1,Macrophages
WT_TGAGCCGAGTCTTGCA-1,WT,7117,2304,7,7,Macrophages
WT_TGATTTCCACATTTCT-1,WT,7789,2405,1,1,Macrophages
WT_TGATTTCGTTCAACCA-1,WT,34764,5202,5,5,Macrophages
WT_TGCCAAACACTAGTAC-1,WT,20122,4352,5,5,Macrophages
WT_TGCCAAATCACCACCT-1,WT,7021,2413,1,1,Macrophages
WT_TGCCCATAGCGGCTTC-1,WT,8804,2570,1,1,Macrophages
WT_TGCCCATGTCATGCAT-1,WT,2136,953,0,0,Macrophages
WT_TGCCCATTCAGAGCTT-1,WT,3333,1158,0,0,Macrophages
WT_TGCGCAGGTCTGATTG-1,WT,8579,2152,0,0,Macrophages
WT_TGCGGGTAGAGGACGG-1,WT,3738,1430,0,0,Macrophages
WT_TGCGGGTTCGTGTAGT-1,WT,3216,1216,1,1,Macrophages
WT_TGCTGCTCAATGGTCT-1,WT,9139,2434,0,0,Macrophages
WT_TGCTGCTTCATAGCAC-1,WT,4800,1683,0,0,Macrophages
WT_TGGACGCAGAGTCGGT-1,WT,6790,2302,5,5,Macrophages
WT_TGGACGCAGTGTTAGA-1,WT,3494,1603,5,5,Macrophages
WT_TGGCCAGCAAACCTAC-1,WT,7222,2342,1,1,Macrophages
WT_TGGCCAGGTGCGGTAA-1,WT,10694,2907,7,7,Macrophages
WT_TGGCGCATCTCCGGTT-1,WT,13926,3446,1,1,Macrophages
WT_TGGCTGGAGATGGGTC-1,WT,5472,2010,0,0,Macrophages
WT_TGGGAAGCAAGCCGCT-1,WT,7734,2372,0,0,Macrophages
WT_TGGGAAGTCATTGCCC-1,WT,19978,4046,1,1,Macrophages
WT_TGGGAAGTCGGCTTGG-1,WT,8746,2533,0,0,Macrophages
WT_TGGGCGTTCATGTCCC-1,WT,6649,2156,0,0,Macrophages
WT_TGGTTAGTCAACACCA-1,WT,16591,3659,1,1,Macrophages
WT_TGGTTCCGTGTAAGTA-1,WT,8272,2228,1,1,Macrophages
WT_TGGTTCCGTGTGCGTC-1,WT,8459,2785,1,1,Macrophages
WT_TGTATTCTCAGAAATG-1,WT,7551,2625,1,1,Macrophages
WT_TGTGGTATCAACACTG-1,WT,7932,2641,1,1,Macrophages
WT_TGTGGTATCGGTTAAC-1,WT,5661,1776,0,0,Macrophages
WT_TGTGTTTGTTTCGCTC-1,WT,10855,2982,1,1,Macrophages
WT_TTAACTCCATTCGACA-1,WT,7017,2108,0,0,Macrophages
WT_TTAACTCTCGGCCGAT-1,WT,2286,830,0,0,Macrophages
WT_TTAGGACAGTGTCCAT-1,WT,8142,2319,1,1,Macrophages
WT_TTATGCTGTCCGAATT-1,WT,13457,3076,0,0,Macrophages
WT_TTATGCTGTGTGTGCC-1,WT,9805,2396,0,0,Macrophages
WT_TTCGAAGGTGATGCCC-1,WT,17484,4191,5,5,Macrophages
WT_TTCTACAGTCGGCACT-1,WT,5655,1981,0,0,Macrophages
WT_TTGAACGAGATCGGGT-1,WT,5342,1674,0,0,Macrophages
WT_TTGAACGTCCCACTTG-1,WT,4039,1404,0,0,Macrophages
WT_TTGCCGTTCACCTTAT-1,WT,9440,2539,0,0,Macrophages
WT_TTGCGTCTCGGCTACG-1,WT,15222,3315,0,0,Macrophages
WT_TTGGAACAGCGCTTAT-1,WT,2584,1180,0,0,Macrophages
WT_TTGGAACAGCTAGTGG-1,WT,4616,1909,5,5,Macrophages
WT_TTGGCAAAGCCTCGTG-1,WT,22651,4287,1,1,Macrophages
WT_TTGGCAAAGGTGATAT-1,WT,27789,4669,1,1,Macrophages
WT_TTGTAGGAGGTGTTAA-1,WT,13732,3194,1,1,Macrophages
WT_TTGTAGGGTTATTCTC-1,WT,9834,2903,5,5,Macrophages
WT_TTGTAGGGTTCGTGAT-1,WT,16682,3524,1,1,Macrophages
WT_TTGTAGGTCATGGTCA-1,WT,9436,2293,0,0,Macrophages
WT_TTTACTGCAAGAAAGG-1,WT,7490,1991,0,0,Macrophages
WT_TTTATGCTCCACTGGG-1,WT,4054,1638,1,1,Macrophages
WT_TTTCCTCAGCGTCTAT-1,WT,18733,3847,1,1,Macrophages
WT_TTTCCTCGTTATCCGA-1,WT,4376,1769,1,1,Macrophages
WT_TTTCCTCGTTTGTGTG-1,WT,12171,3331,1,1,Macrophages
WT_TTTCCTCTCCTAGGGC-1,WT,7242,1929,0,0,Macrophages
WT_TTTGCGCCAATAGCAA-1,WT,10219,2866,0,0,Macrophages
WT_TTTGTCAGTGGCAAAC-1,WT,5100,1835,0,0,Macrophages
Dhcr24TG_AAACGGGTCAAGATCC-1,Dhcr24TG,4670,1682,1,1,Macrophages
Dhcr24TG_AAAGATGAGACAATAC-1,Dhcr24TG,2818,1177,0,0,Macrophages
Dhcr24TG_AAAGATGAGCGAGAAA-1,Dhcr24TG,3404,1203,0,0,Macrophages
Dhcr24TG_AAAGATGCATCAGTAC-1,Dhcr24TG,7867,2312,7,7,Macrophages
Dhcr24TG_AAAGATGTCGCACTCT-1,Dhcr24TG,2521,1131,1,1,Macrophages
Dhcr24TG_AAAGCAAGTTCGAATC-1,Dhcr24TG,2987,1158,0,0,Macrophages
Dhcr24TG_AAAGTAGAGAGGTACC-1,Dhcr24TG,3236,1326,1,1,Macrophages
Dhcr24TG_AAAGTAGAGATGTGGC-1,Dhcr24TG,7690,2045,0,0,Macrophages
Dhcr24TG_AAAGTAGGTGTAACGG-1,Dhcr24TG,7476,2285,1,1,Macrophages
Dhcr24TG_AAAGTAGGTTACTGAC-1,Dhcr24TG,2810,1050,0,0,Macrophages
Dhcr24TG_AAATGCCAGCTAACAA-1,Dhcr24TG,8067,2321,1,1,Macrophages
Dhcr24TG_AACGTTGAGATGGGTC-1,Dhcr24TG,3001,1259,0,0,Macrophages
Dhcr24TG_AACGTTGCATCTATGG-1,Dhcr24TG,1711,826,5,5,Macrophages
Dhcr24TG_AACTCAGGTCTGCAAT-1,Dhcr24TG,4388,1559,7,7,Macrophages
Dhcr24TG_AACTCAGGTGCCTGTG-1,Dhcr24TG,6655,2205,7,7,Macrophages
Dhcr24TG_AACTCTTGTCAGAAGC-1,Dhcr24TG,21796,4132,1,1,Macrophages
Dhcr24TG_AACTGGTAGAATAGGG-1,Dhcr24TG,11222,2719,1,1,Macrophages
Dhcr24TG_AACTGGTGTTCTCATT-1,Dhcr24TG,8254,2514,0,0,Macrophages
Dhcr24TG_AACTGGTTCAGAAATG-1,Dhcr24TG,14627,3499,1,1,Macrophages
Dhcr24TG_AACTTTCAGTGTACGG-1,Dhcr24TG,4872,1540,0,0,Macrophages
Dhcr24TG_AACTTTCGTTCCGTCT-1,Dhcr24TG,3360,1199,0,0,Macrophages
Dhcr24TG_AAGGAGCAGTACGTAA-1,Dhcr24TG,6979,1943,1,1,Macrophages
Dhcr24TG_AAGGAGCAGTTTCCTT-1,Dhcr24TG,4885,1820,0,0,Macrophages
Dhcr24TG_AAGGAGCCAAAGAATC-1,Dhcr24TG,19533,3867,1,1,Macrophages
Dhcr24TG_AATCCAGAGTTCGATC-1,Dhcr24TG,7100,2056,0,0,Macrophages
Dhcr24TG_AATCCAGCAAACCTAC-1,Dhcr24TG,3409,1270,0,0,Macrophages
Dhcr24TG_AATCGGTGTTCCCTTG-1,Dhcr24TG,7759,2409,0,0,Macrophages
Dhcr24TG_ACACCAAGTAGCGATG-1,Dhcr24TG,2917,1145,1,1,Macrophages
Dhcr24TG_ACACCAAGTTCCGGCA-1,Dhcr24TG,2447,1073,0,0,Macrophages
Dhcr24TG_ACACCCTTCGTCGTTC-1,Dhcr24TG,4368,1759,1,1,Macrophages
Dhcr24TG_ACACCGGAGCAGCGTA-1,Dhcr24TG,2390,1042,0,0,Macrophages
Dhcr24TG_ACACCGGAGTCTCAAC-1,Dhcr24TG,3496,1309,0,0,Macrophages
Dhcr24TG_ACACTGAAGCAGACTG-1,Dhcr24TG,4217,1483,1,1,Macrophages
Dhcr24TG_ACAGCTACAATCTGCA-1,Dhcr24TG,5872,2122,1,1,Macrophages
Dhcr24TG_ACAGCTACACGGCTAC-1,Dhcr24TG,6748,2049,5,5,Macrophages
Dhcr24TG_ACATCAGAGTGGCACA-1,Dhcr24TG,2940,1239,0,0,Macrophages
Dhcr24TG_ACATCAGCAAAGCAAT-1,Dhcr24TG,6404,1980,0,0,Macrophages
Dhcr24TG_ACATCAGCATCGGGTC-1,Dhcr24TG,1706,902,5,5,Macrophages
Dhcr24TG_ACCCACTAGTCTCAAC-1,Dhcr24TG,6662,1992,0,0,Macrophages
Dhcr24TG_ACCCACTCAATCGAAA-1,Dhcr24TG,4291,1596,0,0,Macrophages
Dhcr24TG_ACCCACTTCTCTAGGA-1,Dhcr24TG,7425,2192,0,0,Macrophages
Dhcr24TG_ACCGTAAGTTGCCTCT-1,Dhcr24TG,2218,1073,1,1,Macrophages
Dhcr24TG_ACCGTAATCCGAACGC-1,Dhcr24TG,2364,1019,1,1,Macrophages
Dhcr24TG_ACCTTTACAGGAACGT-1,Dhcr24TG,8480,2461,1,1,Macrophages
Dhcr24TG_ACGAGCCAGGTAAACT-1,Dhcr24TG,5744,2055,0,0,Macrophages
Dhcr24TG_ACGAGCCTCTGTGCAA-1,Dhcr24TG,14392,3580,5,5,Macrophages
Dhcr24TG_ACGATACGTCTGATTG-1,Dhcr24TG,2762,1243,0,0,Macrophages
Dhcr24TG_ACGCAGCGTAAAGGAG-1,Dhcr24TG,10423,2796,1,1,Macrophages
Dhcr24TG_ACGCAGCTCATAGCAC-1,Dhcr24TG,7705,2153,0,0,Macrophages
Dhcr24TG_ACGCCAGAGCCAACAG-1,Dhcr24TG,1838,897,0,0,Macrophages
Dhcr24TG_ACGCCAGCAATGGAGC-1,Dhcr24TG,6992,1978,0,0,Macrophages
Dhcr24TG_ACGCCGATCCAGGGCT-1,Dhcr24TG,10876,3027,0,0,Macrophages
Dhcr24TG_ACGGAGACACGGTTTA-1,Dhcr24TG,9590,2242,0,0,Macrophages
Dhcr24TG_ACGGAGACAGACTCGC-1,Dhcr24TG,5113,1681,0,0,Macrophages
Dhcr24TG_ACGGAGAGTTAAAGTG-1,Dhcr24TG,5039,1713,1,1,Macrophages
Dhcr24TG_ACGGCCACAAGCTGTT-1,Dhcr24TG,6435,2166,0,0,Macrophages
Dhcr24TG_ACGGCCATCTGCTGTC-1,Dhcr24TG,12807,3287,0,0,Macrophages
Dhcr24TG_ACGGGTCAGTTGCAGG-1,Dhcr24TG,4131,1270,1,1,Macrophages
Dhcr24TG_ACGGGTCTCACTCTTA-1,Dhcr24TG,5864,1998,7,7,Macrophages
Dhcr24TG_ACGGGTCTCCGATATG-1,Dhcr24TG,2659,1205,1,1,Macrophages
Dhcr24TG_ACGTCAAGTGATGATA-1,Dhcr24TG,2415,1140,5,5,Macrophages
Dhcr24TG_ACGTCAATCTGTCTCG-1,Dhcr24TG,4498,1659,0,0,Macrophages
Dhcr24TG_ACTATCTAGAGACTTA-1,Dhcr24TG,7524,2270,1,1,Macrophages
Dhcr24TG_ACTATCTAGTGGTAGC-1,Dhcr24TG,7980,2073,7,7,Macrophages
Dhcr24TG_ACTATCTCATTTCAGG-1,Dhcr24TG,1786,744,0,0,Macrophages
Dhcr24TG_ACTATCTGTATATGGA-1,Dhcr24TG,6687,2199,1,1,Macrophages
Dhcr24TG_ACTATCTGTGAAAGAG-1,Dhcr24TG,9577,2470,0,0,Macrophages
Dhcr24TG_ACTGAACAGAAACGCC-1,Dhcr24TG,6415,2004,0,0,Macrophages
Dhcr24TG_ACTGAACAGAGCCCAA-1,Dhcr24TG,3568,1345,0,0,Macrophages
Dhcr24TG_ACTGAACCATTCTCAT-1,Dhcr24TG,13833,3407,7,7,Macrophages
Dhcr24TG_ACTGAACGTATTAGCC-1,Dhcr24TG,8420,2390,1,1,Macrophages
Dhcr24TG_ACTGAGTCAGTGACAG-1,Dhcr24TG,1796,599,1,1,Macrophages
Dhcr24TG_ACTGATGAGACACTAA-1,Dhcr24TG,5715,1778,0,0,Macrophages
Dhcr24TG_ACTGATGCAGCTCCGA-1,Dhcr24TG,7146,2252,0,0,Macrophages
Dhcr24TG_ACTGATGTCGCCAAAT-1,Dhcr24TG,3920,1464,0,0,Macrophages
Dhcr24TG_ACTGCTCGTTCCGTCT-1,Dhcr24TG,4726,1833,0,0,Macrophages
Dhcr24TG_ACTGCTCTCAGCATGT-1,Dhcr24TG,1723,857,0,0,Macrophages
Dhcr24TG_ACTGCTCTCATCGATG-1,Dhcr24TG,5945,1753,0,0,Macrophages
Dhcr24TG_ACTGCTCTCCTACAGA-1,Dhcr24TG,3265,1358,0,0,Macrophages
Dhcr24TG_ACTGCTCTCGGAGCAA-1,Dhcr24TG,3444,1339,5,5,Macrophages
Dhcr24TG_ACTGTCCTCAACGAAA-1,Dhcr24TG,4345,1369,0,0,Macrophages
Dhcr24TG_ACTGTCCTCAGTACGT-1,Dhcr24TG,19946,4127,5,5,Macrophages
Dhcr24TG_ACTTACTGTTAAGATG-1,Dhcr24TG,8521,2432,7,7,Macrophages
Dhcr24TG_ACTTACTTCCGCGTTT-1,Dhcr24TG,6120,1928,0,0,Macrophages
Dhcr24TG_ACTTACTTCTACGAGT-1,Dhcr24TG,4905,1628,0,0,Macrophages
Dhcr24TG_ACTTTCACATGCAATC-1,Dhcr24TG,3722,1432,0,0,Macrophages
Dhcr24TG_ACTTTCAGTGCTAGCC-1,Dhcr24TG,5567,1834,0,0,Macrophages
Dhcr24TG_AGAATAGAGCGCTCCA-1,Dhcr24TG,3434,1372,0,0,Macrophages
Dhcr24TG_AGACGTTGTCTCAACA-1,Dhcr24TG,12278,3020,1,1,Macrophages
Dhcr24TG_AGAGCGAAGAGTAATC-1,Dhcr24TG,4466,1628,0,0,Macrophages
Dhcr24TG_AGAGCGAAGCTTTGGT-1,Dhcr24TG,7009,2173,0,0,Macrophages
Dhcr24TG_AGAGCGAAGGCATTGG-1,Dhcr24TG,5568,1778,0,0,Macrophages
Dhcr24TG_AGAGCGACATCGATTG-1,Dhcr24TG,4865,1570,0,0,Macrophages
Dhcr24TG_AGATCTGCACAGGAGT-1,Dhcr24TG,4498,1781,1,1,Macrophages
Dhcr24TG_AGATCTGTCATAACCG-1,Dhcr24TG,8091,2496,5,5,Macrophages
Dhcr24TG_AGATCTGTCGGACAAG-1,Dhcr24TG,6420,2089,5,5,Macrophages
Dhcr24TG_AGATTGCGTCGACTAT-1,Dhcr24TG,10701,2661,0,0,Macrophages
Dhcr24TG_AGATTGCGTGAAGGCT-1,Dhcr24TG,12151,3075,5,5,Macrophages
Dhcr24TG_AGATTGCTCTCCTATA-1,Dhcr24TG,3736,1297,1,1,Macrophages
Dhcr24TG_AGCAGCCAGCGTAATA-1,Dhcr24TG,4449,1675,1,1,Macrophages
Dhcr24TG_AGCAGCCCATTCGACA-1,Dhcr24TG,12474,3054,0,0,Macrophages
Dhcr24TG_AGCAGCCGTAGCAAAT-1,Dhcr24TG,2244,891,0,0,Macrophages
Dhcr24TG_AGCAGCCTCGCTGATA-1,Dhcr24TG,6773,2058,0,0,Macrophages
Dhcr24TG_AGCCTAATCCTAGGGC-1,Dhcr24TG,1909,876,0,0,Macrophages
Dhcr24TG_AGCGGTCTCCAATGGT-1,Dhcr24TG,7180,2213,1,1,Macrophages
Dhcr24TG_AGCGGTCTCTAACTTC-1,Dhcr24TG,4706,1795,1,1,Macrophages
Dhcr24TG_AGCGGTCTCTGCGGCA-1,Dhcr24TG,2223,1005,0,0,Macrophages
Dhcr24TG_AGCGTCGAGACGCAAC-1,Dhcr24TG,12055,3018,1,1,Macrophages
Dhcr24TG_AGCGTCGGTAAACGCG-1,Dhcr24TG,12878,3163,0,0,Macrophages
Dhcr24TG_AGCTCTCGTGCGATAG-1,Dhcr24TG,3450,1429,1,1,Macrophages
Dhcr24TG_AGCTTGATCGCCGTGA-1,Dhcr24TG,3538,1330,5,5,Macrophages
Dhcr24TG_AGGCCACGTTTAGCTG-1,Dhcr24TG,13792,3619,5,5,Macrophages
Dhcr24TG_AGGCCGTTCTAACCGA-1,Dhcr24TG,4390,1462,1,1,Macrophages
Dhcr24TG_AGGGAGTCAGGTCCAC-1,Dhcr24TG,2863,1345,1,1,Macrophages
Dhcr24TG_AGGGAGTGTGGACGAT-1,Dhcr24TG,8977,2398,1,1,Macrophages
Dhcr24TG_AGGGAGTTCACAACGT-1,Dhcr24TG,6602,2165,0,0,Macrophages
Dhcr24TG_AGGTCATAGCAAATCA-1,Dhcr24TG,4369,1752,0,0,Macrophages
Dhcr24TG_AGGTCATTCGGTTAAC-1,Dhcr24TG,10934,2887,1,1,Macrophages
Dhcr24TG_AGGTCCGAGAGTGAGA-1,Dhcr24TG,2918,1188,0,0,Macrophages
Dhcr24TG_AGGTCCGAGCAGACTG-1,Dhcr24TG,4072,1342,0,0,Macrophages
Dhcr24TG_AGGTCCGGTCACTTCC-1,Dhcr24TG,2570,1051,0,0,Macrophages
Dhcr24TG_AGTAGTCAGCCTTGAT-1,Dhcr24TG,2194,1053,5,5,Macrophages
Dhcr24TG_AGTAGTCAGTGGCACA-1,Dhcr24TG,6234,2079,7,7,Macrophages
Dhcr24TG_AGTAGTCCACCTCGTT-1,Dhcr24TG,9279,2351,0,0,Macrophages
Dhcr24TG_AGTCTTTTCCCACTTG-1,Dhcr24TG,3256,1259,0,0,Macrophages
Dhcr24TG_AGTGGGACATGAACCT-1,Dhcr24TG,4884,1582,0,0,Macrophages
Dhcr24TG_AGTGGGATCCTATTCA-1,Dhcr24TG,5129,1735,7,7,Macrophages
Dhcr24TG_AGTGGGATCTTGTACT-1,Dhcr24TG,4772,1833,1,1,Macrophages
Dhcr24TG_AGTTGGTTCAGTTCGA-1,Dhcr24TG,6864,2100,0,0,Macrophages
Dhcr24TG_ATAACGCCAATGACCT-1,Dhcr24TG,4149,1527,0,0,Macrophages
Dhcr24TG_ATAAGAGCACGACTCG-1,Dhcr24TG,6260,1982,0,0,Macrophages
Dhcr24TG_ATAAGAGGTGGGTATG-1,Dhcr24TG,5244,1973,0,0,Macrophages
Dhcr24TG_ATAAGAGTCCTAGGGC-1,Dhcr24TG,11514,3191,1,1,Macrophages
Dhcr24TG_ATAGACCTCAACACTG-1,Dhcr24TG,5884,1803,0,0,Macrophages
Dhcr24TG_ATCATCTAGGTGTTAA-1,Dhcr24TG,18040,3799,1,1,Macrophages
Dhcr24TG_ATCATGGAGTTAGGTA-1,Dhcr24TG,10988,3119,1,1,Macrophages
Dhcr24TG_ATCATGGGTAAGTGTA-1,Dhcr24TG,2577,1156,0,0,Macrophages
Dhcr24TG_ATCATGGGTAGCTGCC-1,Dhcr24TG,4274,1569,1,1,Macrophages
Dhcr24TG_ATCCACCCAATAGAGT-1,Dhcr24TG,3183,1277,0,0,Macrophages
Dhcr24TG_ATCCGAACAATTGCTG-1,Dhcr24TG,9917,2506,0,0,Macrophages
Dhcr24TG_ATCCGAACACCCAGTG-1,Dhcr24TG,2641,1089,0,0,Macrophages
Dhcr24TG_ATCGAGTCAACTGGCC-1,Dhcr24TG,3365,1305,1,1,Macrophages
Dhcr24TG_ATCTACTAGCTAGTGG-1,Dhcr24TG,3780,1336,1,1,Macrophages
Dhcr24TG_ATGAGGGTCAGAGACG-1,Dhcr24TG,10592,2876,1,1,Macrophages
Dhcr24TG_ATGCGATTCACCTTAT-1,Dhcr24TG,4299,1595,1,1,Macrophages
Dhcr24TG_ATTACTCAGCTAGCCC-1,Dhcr24TG,5910,1741,0,0,Macrophages
Dhcr24TG_ATTACTCGTAGGGTAC-1,Dhcr24TG,4054,1222,0,0,Macrophages
Dhcr24TG_ATTATCCAGCCTCGTG-1,Dhcr24TG,9669,2865,7,7,Macrophages
Dhcr24TG_ATTATCCTCACAGTAC-1,Dhcr24TG,16409,3775,5,5,Macrophages
Dhcr24TG_ATTCTACAGTCACGCC-1,Dhcr24TG,3371,1147,1,1,Macrophages
Dhcr24TG_ATTCTACGTATAATGG-1,Dhcr24TG,23911,4161,5,5,Macrophages
Dhcr24TG_ATTGGACAGGGTATCG-1,Dhcr24TG,6383,2095,0,0,Macrophages
Dhcr24TG_ATTGGACCAAGTAATG-1,Dhcr24TG,8398,2596,1,1,Macrophages
Dhcr24TG_ATTGGTGAGGCTAGCA-1,Dhcr24TG,5934,1852,0,0,Macrophages
Dhcr24TG_ATTGGTGCACGTAAGG-1,Dhcr24TG,6635,2088,1,1,Macrophages
Dhcr24TG_ATTGGTGGTGAGCGAT-1,Dhcr24TG,7127,1901,0,0,Macrophages
Dhcr24TG_ATTTCTGAGCCTTGAT-1,Dhcr24TG,1631,763,0,0,Macrophages
Dhcr24TG_ATTTCTGCAGACGTAG-1,Dhcr24TG,5696,1803,0,0,Macrophages
Dhcr24TG_CAACCTCAGACAATAC-1,Dhcr24TG,4783,1525,0,0,Macrophages
Dhcr24TG_CAACCTCCAGCGTTCG-1,Dhcr24TG,5927,1674,0,0,Macrophages
Dhcr24TG_CAAGAAACATACGCTA-1,Dhcr24TG,6604,2094,7,7,Macrophages
Dhcr24TG_CAAGAAAGTAGATTAG-1,Dhcr24TG,2026,1015,1,1,Macrophages
Dhcr24TG_CAAGATCCAAACGTGG-1,Dhcr24TG,4398,1734,1,1,Macrophages
Dhcr24TG_CACACAAGTCAATGTC-1,Dhcr24TG,2627,1100,0,0,Macrophages
Dhcr24TG_CACACAAGTGACGCCT-1,Dhcr24TG,8069,2180,0,0,Macrophages
Dhcr24TG_CACACTCGTGGACGAT-1,Dhcr24TG,15102,3726,5,5,Macrophages
Dhcr24TG_CACACTCGTGGTCTCG-1,Dhcr24TG,3123,1229,7,7,Macrophages
Dhcr24TG_CACACTCTCAAGAAGT-1,Dhcr24TG,7641,2349,7,7,Macrophages
Dhcr24TG_CACAGGCGTTGTGGCC-1,Dhcr24TG,2950,1211,0,0,Macrophages
Dhcr24TG_CACAGGCTCCGTACAA-1,Dhcr24TG,10124,2825,7,7,Macrophages
Dhcr24TG_CACAGTAGTGTCCTCT-1,Dhcr24TG,5010,1718,7,7,Macrophages
Dhcr24TG_CACATAGGTAGAAAGG-1,Dhcr24TG,2082,960,0,0,Macrophages
Dhcr24TG_CACCACTTCAAAGTAG-1,Dhcr24TG,11354,2805,1,1,Macrophages
Dhcr24TG_CACCACTTCACCGTAA-1,Dhcr24TG,5213,1835,1,1,Macrophages
Dhcr24TG_CACCACTTCTGGTGTA-1,Dhcr24TG,16915,3707,5,5,Macrophages
Dhcr24TG_CACCAGGAGTAGGCCA-1,Dhcr24TG,8006,2308,7,7,Macrophages
Dhcr24TG_CACCAGGGTATCTGCA-1,Dhcr24TG,11593,3002,1,1,Macrophages
Dhcr24TG_CACCTTGAGCGTTTAC-1,Dhcr24TG,7008,2148,1,1,Macrophages
Dhcr24TG_CACCTTGGTGTGCGTC-1,Dhcr24TG,14777,3629,5,5,Macrophages
Dhcr24TG_CACTCCACAAGTCATC-1,Dhcr24TG,5243,1975,0,0,Macrophages
Dhcr24TG_CAGAATCGTAAGGGCT-1,Dhcr24TG,10222,2805,1,1,Macrophages
Dhcr24TG_CAGAGAGTCCCAAGTA-1,Dhcr24TG,3235,1259,7,7,Macrophages
Dhcr24TG_CAGCAGCCAGTTCATG-1,Dhcr24TG,6248,1954,0,0,Macrophages
Dhcr24TG_CAGCAGCGTTATCCGA-1,Dhcr24TG,7212,2234,1,1,Macrophages
Dhcr24TG_CAGCCGAAGAAACCTA-1,Dhcr24TG,8409,2502,0,0,Macrophages
Dhcr24TG_CAGCCGAAGTGAACGC-1,Dhcr24TG,5889,1696,0,0,Macrophages
Dhcr24TG_CAGCCGACATCACCCT-1,Dhcr24TG,5397,1907,0,0,Macrophages
Dhcr24TG_CAGCCGAGTACCGGCT-1,Dhcr24TG,13397,3243,5,5,Macrophages
Dhcr24TG_CAGCGACTCTGCAAGT-1,Dhcr24TG,5720,1823,0,0,Macrophages
Dhcr24TG_CAGCTAAAGACTTGAA-1,Dhcr24TG,4646,1814,7,7,Macrophages
Dhcr24TG_CAGCTAAGTCTAGAGG-1,Dhcr24TG,2565,1172,0,0,Macrophages
Dhcr24TG_CAGCTAATCTGTCTCG-1,Dhcr24TG,6841,2377,7,7,Macrophages
Dhcr24TG_CAGCTGGAGATGTAAC-1,Dhcr24TG,6346,2277,1,1,Macrophages
Dhcr24TG_CAGCTGGCACCAGGCT-1,Dhcr24TG,5020,1624,0,0,Macrophages
Dhcr24TG_CAGGTGCGTAACGTTC-1,Dhcr24TG,4445,1466,0,0,Macrophages
Dhcr24TG_CAGGTGCTCTTGGGTA-1,Dhcr24TG,5592,1811,0,0,Macrophages
Dhcr24TG_CAGTAACGTTAGGGTG-1,Dhcr24TG,3373,1532,5,5,Macrophages
Dhcr24TG_CAGTCCTGTCATATCG-1,Dhcr24TG,8781,2425,0,0,Macrophages
Dhcr24TG_CATATGGTCGTTACAG-1,Dhcr24TG,1673,900,1,1,Macrophages
Dhcr24TG_CATATTCAGGTAGCTG-1,Dhcr24TG,3221,1327,7,7,Macrophages
Dhcr24TG_CATCAGAGTCTAGTGT-1,Dhcr24TG,17125,3774,1,1,Macrophages
Dhcr24TG_CATCAGATCACCCGAG-1,Dhcr24TG,5814,1989,1,1,Macrophages
Dhcr24TG_CATCCACAGGATGGAA-1,Dhcr24TG,19379,3734,1,1,Macrophages
Dhcr24TG_CATCGAAGTCTGGAGA-1,Dhcr24TG,1794,885,0,0,Macrophages
Dhcr24TG_CATCGGGAGAGTGACC-1,Dhcr24TG,5217,1715,0,0,Macrophages
Dhcr24TG_CATCGGGAGGGAGTAA-1,Dhcr24TG,7497,2090,0,0,Macrophages
Dhcr24TG_CATCGGGGTGGGTCAA-1,Dhcr24TG,4147,1650,1,1,Macrophages
Dhcr24TG_CATGCCTAGTGCCAGA-1,Dhcr24TG,5604,2062,1,1,Macrophages
Dhcr24TG_CATGGCGAGAGGTAGA-1,Dhcr24TG,3860,1662,5,5,Macrophages
Dhcr24TG_CATGGCGGTCTGGAGA-1,Dhcr24TG,7449,2695,1,1,Macrophages
Dhcr24TG_CATTATCCAAGCCGCT-1,Dhcr24TG,8150,2394,5,5,Macrophages
Dhcr24TG_CATTATCCACCTGGTG-1,Dhcr24TG,5937,1937,1,1,Macrophages
Dhcr24TG_CATTATCTCCTACAGA-1,Dhcr24TG,7655,2228,0,0,Macrophages
Dhcr24TG_CATTATCTCTCCCTGA-1,Dhcr24TG,9369,2638,5,5,Macrophages
Dhcr24TG_CATTCGCCAAGCCGTC-1,Dhcr24TG,5761,1889,0,0,Macrophages
Dhcr24TG_CATTCGCCAATGGAGC-1,Dhcr24TG,6564,1978,5,5,Macrophages
Dhcr24TG_CATTCGCGTCACACGC-1,Dhcr24TG,9954,2579,0,0,Macrophages
Dhcr24TG_CATTCGCGTGATGCCC-1,Dhcr24TG,11941,2902,1,1,Macrophages
Dhcr24TG_CATTCGCTCATGTAGC-1,Dhcr24TG,5624,2047,1,1,Macrophages
Dhcr24TG_CATTCGCTCTTCATGT-1,Dhcr24TG,18308,3499,1,1,Macrophages
Dhcr24TG_CCAATCCAGTTCGATC-1,Dhcr24TG,2153,944,0,0,Macrophages
Dhcr24TG_CCAATCCGTTAAGATG-1,Dhcr24TG,2580,1084,1,1,Macrophages
Dhcr24TG_CCAATCCTCGGCCGAT-1,Dhcr24TG,6519,2024,1,1,Macrophages
Dhcr24TG_CCACCTAAGTGTTGAA-1,Dhcr24TG,9552,2587,0,0,Macrophages
Dhcr24TG_CCACCTACACCAGATT-1,Dhcr24TG,14462,3179,1,1,Macrophages
Dhcr24TG_CCACCTACATTACCTT-1,Dhcr24TG,8344,2105,0,0,Macrophages
Dhcr24TG_CCACGGACAGATAATG-1,Dhcr24TG,6318,1776,0,0,Macrophages
Dhcr24TG_CCACGGATCAAACCAC-1,Dhcr24TG,4862,1866,0,0,Macrophages
Dhcr24TG_CCAGCGAGTTGACGTT-1,Dhcr24TG,8549,2606,1,1,Macrophages
Dhcr24TG_CCAGCGATCATCACCC-1,Dhcr24TG,8256,2451,0,0,Macrophages
Dhcr24TG_CCATGTCAGAAGGACA-1,Dhcr24TG,9241,2275,0,0,Macrophages
Dhcr24TG_CCATTCGAGCAATCTC-1,Dhcr24TG,3743,1385,0,0,Macrophages
Dhcr24TG_CCATTCGTCCGTCAAA-1,Dhcr24TG,2661,1065,0,0,Macrophages
Dhcr24TG_CCCAATCCACCCATTC-1,Dhcr24TG,7428,2311,1,1,Macrophages
Dhcr24TG_CCCAATCGTCTAGTCA-1,Dhcr24TG,8930,2349,1,1,Macrophages
Dhcr24TG_CCCAATCTCGAATGCT-1,Dhcr24TG,9691,2816,1,1,Macrophages
Dhcr24TG_CCCAGTTCAAGCTGAG-1,Dhcr24TG,9367,2409,0,0,Macrophages
Dhcr24TG_CCCAGTTCACATTCGA-1,Dhcr24TG,5129,1716,0,0,Macrophages
Dhcr24TG_CCCATACAGAGCTATA-1,Dhcr24TG,9968,2664,7,7,Macrophages
Dhcr24TG_CCCTCCTCACTGAAGG-1,Dhcr24TG,2147,1048,1,1,Macrophages
Dhcr24TG_CCCTCCTTCCTCGCAT-1,Dhcr24TG,8845,2767,7,7,Macrophages
Dhcr24TG_CCCTCCTTCGGCTACG-1,Dhcr24TG,4172,1366,0,0,Macrophages
Dhcr24TG_CCGGGATTCCAGAAGG-1,Dhcr24TG,1706,839,0,0,Macrophages
Dhcr24TG_CCGGTAGGTCCGTCAG-1,Dhcr24TG,3186,1315,1,1,Macrophages
Dhcr24TG_CCGTACTTCGCCGTGA-1,Dhcr24TG,9003,2698,5,5,Macrophages
Dhcr24TG_CCGTGGACACTGTCGG-1,Dhcr24TG,5501,1903,1,1,Macrophages
Dhcr24TG_CCGTGGACAGTAGAGC-1,Dhcr24TG,7709,2209,0,0,Macrophages
Dhcr24TG_CCTAAAGAGGCTACGA-1,Dhcr24TG,3890,1476,1,1,Macrophages
Dhcr24TG_CCTAAAGGTCTCGTTC-1,Dhcr24TG,4963,1631,0,0,Macrophages
Dhcr24TG_CCTACACAGAGGTTGC-1,Dhcr24TG,4821,1559,0,0,Macrophages
Dhcr24TG_CCTACACAGTCGAGTG-1,Dhcr24TG,12026,2936,7,7,Macrophages
Dhcr24TG_CCTACCAGTTTCGCTC-1,Dhcr24TG,9337,2472,1,1,Macrophages
Dhcr24TG_CCTACCATCGCTTGTC-1,Dhcr24TG,14017,3147,0,0,Macrophages
Dhcr24TG_CCTACCATCTCTTATG-1,Dhcr24TG,17446,3702,0,0,Macrophages
Dhcr24TG_CCTATTAAGGTGATAT-1,Dhcr24TG,6077,1951,0,0,Macrophages
Dhcr24TG_CCTATTATCTGTCTAT-1,Dhcr24TG,3088,1371,1,1,Macrophages
Dhcr24TG_CCTCAGTAGGTCATCT-1,Dhcr24TG,8571,2715,1,1,Macrophages
Dhcr24TG_CCTCAGTCAGGGTACA-1,Dhcr24TG,10040,2676,1,1,Macrophages
Dhcr24TG_CCTCAGTTCGCCAAAT-1,Dhcr24TG,2180,919,1,1,Macrophages
Dhcr24TG_CCTCTGAAGGTAGCTG-1,Dhcr24TG,4079,1412,0,0,Macrophages
Dhcr24TG_CCTCTGACAGGGAGAG-1,Dhcr24TG,5149,1769,0,0,Macrophages
Dhcr24TG_CCTTACGCATGCGCAC-1,Dhcr24TG,7915,2614,5,5,Macrophages
Dhcr24TG_CCTTACGGTTGAGTTC-1,Dhcr24TG,6124,2114,1,1,Macrophages
Dhcr24TG_CCTTCCCCACGGTAAG-1,Dhcr24TG,3916,1470,0,0,Macrophages
Dhcr24TG_CCTTCCCTCGTCCAGG-1,Dhcr24TG,8265,2205,0,0,Macrophages
Dhcr24TG_CCTTCGATCTGCGACG-1,Dhcr24TG,2316,1042,0,0,Macrophages
Dhcr24TG_CGAATGTGTGTTTGGT-1,Dhcr24TG,6256,1970,1,1,Macrophages
Dhcr24TG_CGACCTTCAGATGGCA-1,Dhcr24TG,8088,2118,0,0,Macrophages
Dhcr24TG_CGACTTCCAGTCAGCC-1,Dhcr24TG,8844,2674,0,0,Macrophages
Dhcr24TG_CGAGAAGAGTCAAGGC-1,Dhcr24TG,7306,2087,0,0,Macrophages
Dhcr24TG_CGAGCACAGCTGCCCA-1,Dhcr24TG,10381,2848,1,1,Macrophages
Dhcr24TG_CGAGCCACAGAGTGTG-1,Dhcr24TG,8724,2711,1,1,Macrophages
Dhcr24TG_CGAGCCACAGTTCATG-1,Dhcr24TG,5468,1786,0,0,Macrophages
Dhcr24TG_CGAGCCATCATAACCG-1,Dhcr24TG,3273,1271,0,0,Macrophages
Dhcr24TG_CGATCGGGTTTCGCTC-1,Dhcr24TG,3454,1351,0,0,Macrophages
Dhcr24TG_CGATGGCAGGGCTTCC-1,Dhcr24TG,15413,3796,5,5,Macrophages
Dhcr24TG_CGATGTAAGGCTCAGA-1,Dhcr24TG,4928,1764,0,0,Macrophages
Dhcr24TG_CGATGTAGTAGCCTAT-1,Dhcr24TG,9859,2675,1,1,Macrophages
Dhcr24TG_CGATGTATCCCAACGG-1,Dhcr24TG,7677,2260,0,0,Macrophages
Dhcr24TG_CGATTGAGTCATCGGC-1,Dhcr24TG,10697,2701,5,5,Macrophages
Dhcr24TG_CGATTGAGTGCAGTAG-1,Dhcr24TG,8743,2575,1,1,Macrophages
Dhcr24TG_CGCCAAGAGAGGTAGA-1,Dhcr24TG,12167,3219,0,0,Macrophages
Dhcr24TG_CGCGGTAGTTATCGGT-1,Dhcr24TG,4097,1498,0,0,Macrophages
Dhcr24TG_CGCGTTTAGTACCGGA-1,Dhcr24TG,7663,2245,1,1,Macrophages
Dhcr24TG_CGCTATCGTGAGGGAG-1,Dhcr24TG,2332,1163,5,5,Macrophages
Dhcr24TG_CGCTATCGTTGTACAC-1,Dhcr24TG,7625,2378,7,7,Macrophages
Dhcr24TG_CGCTGGAAGCAGATCG-1,Dhcr24TG,4967,1780,0,0,Macrophages
Dhcr24TG_CGCTGGACACAGTCGC-1,Dhcr24TG,7513,1970,0,0,Macrophages
Dhcr24TG_CGCTGGATCACAGTAC-1,Dhcr24TG,2369,1038,0,0,Macrophages
Dhcr24TG_CGCTTCACACCCATTC-1,Dhcr24TG,4270,1654,1,1,Macrophages
Dhcr24TG_CGGACACAGCACCGCT-1,Dhcr24TG,3539,1328,1,1,Macrophages
Dhcr24TG_CGGACACGTAGAGTGC-1,Dhcr24TG,2579,995,0,0,Macrophages
Dhcr24TG_CGGACGTCACCGAATT-1,Dhcr24TG,2748,1239,1,1,Macrophages
Dhcr24TG_CGGACGTGTGATGATA-1,Dhcr24TG,11811,3181,5,5,Macrophages
Dhcr24TG_CGGACTGAGGTGCTTT-1,Dhcr24TG,2717,1362,1,1,Macrophages
Dhcr24TG_CGGACTGCAGGACGTA-1,Dhcr24TG,4471,1670,1,1,Macrophages
Dhcr24TG_CGGAGCTTCCAGAGGA-1,Dhcr24TG,3657,1608,5,5,Macrophages
Dhcr24TG_CGGAGCTTCTGGAGCC-1,Dhcr24TG,9912,2864,7,7,Macrophages
Dhcr24TG_CGGCTAGAGAGGGATA-1,Dhcr24TG,2820,1225,1,1,Macrophages
Dhcr24TG_CGGCTAGAGCCAACAG-1,Dhcr24TG,10768,2774,0,0,Macrophages
Dhcr24TG_CGGCTAGAGGACTGGT-1,Dhcr24TG,9718,2781,1,1,Macrophages
Dhcr24TG_CGGCTAGCATCAGTAC-1,Dhcr24TG,3392,1535,7,7,Macrophages
Dhcr24TG_CGGGTCACACAGACAG-1,Dhcr24TG,8376,2329,1,1,Macrophages
Dhcr24TG_CGGGTCAGTAGAGCTG-1,Dhcr24TG,2073,837,0,0,Macrophages
Dhcr24TG_CGGGTCATCAAGGTAA-1,Dhcr24TG,17617,3647,0,0,Macrophages
Dhcr24TG_CGGGTCATCCTGTACC-1,Dhcr24TG,3051,1239,1,1,Macrophages
Dhcr24TG_CGTAGCGCAAACTGTC-1,Dhcr24TG,7422,1867,0,0,Macrophages
Dhcr24TG_CGTAGCGGTATAGTAG-1,Dhcr24TG,13889,3461,5,5,Macrophages
Dhcr24TG_CGTAGCGTCAAGATCC-1,Dhcr24TG,4145,1598,1,1,Macrophages
Dhcr24TG_CGTAGGCCACGCATCG-1,Dhcr24TG,5299,1742,0,0,Macrophages
Dhcr24TG_CGTAGGCTCACGGTTA-1,Dhcr24TG,10567,2497,0,0,Macrophages
Dhcr24TG_CGTCAGGTCATCGGAT-1,Dhcr24TG,2500,1200,1,1,Macrophages
Dhcr24TG_CGTCCATAGCGCCTCA-1,Dhcr24TG,1709,844,0,0,Macrophages
Dhcr24TG_CGTCTACCATGGGACA-1,Dhcr24TG,6227,2084,0,0,Macrophages
Dhcr24TG_CGTCTACGTTGGTGGA-1,Dhcr24TG,7486,2129,0,0,Macrophages
Dhcr24TG_CGTGAGCCACTGAAGG-1,Dhcr24TG,4804,1737,0,0,Macrophages
Dhcr24TG_CGTGAGCCATACAGCT-1,Dhcr24TG,4487,1415,0,0,Macrophages
Dhcr24TG_CGTGTAAAGCAGCCTC-1,Dhcr24TG,5785,1845,0,0,Macrophages
Dhcr24TG_CGTGTCTCAGCTTAAC-1,Dhcr24TG,6482,1856,0,0,Macrophages
Dhcr24TG_CGTTAGAAGACGACGT-1,Dhcr24TG,3190,1391,1,1,Macrophages
Dhcr24TG_CTAACTTAGTCCGTAT-1,Dhcr24TG,15511,3688,5,5,Macrophages
Dhcr24TG_CTAACTTCAGCTGCAC-1,Dhcr24TG,7869,2400,1,1,Macrophages
Dhcr24TG_CTAAGACTCAAAGACA-1,Dhcr24TG,10728,2684,5,5,Macrophages
Dhcr24TG_CTAATGGCAGTTTACG-1,Dhcr24TG,4617,1744,1,1,Macrophages
Dhcr24TG_CTACCCATCAATCACG-1,Dhcr24TG,5244,1768,1,1,Macrophages
Dhcr24TG_CTAGAGTAGTGCAAGC-1,Dhcr24TG,3023,1279,0,0,Macrophages
Dhcr24TG_CTAGAGTGTCGACTGC-1,Dhcr24TG,2282,1080,0,0,Macrophages
Dhcr24TG_CTAGTGATCTGACCTC-1,Dhcr24TG,5967,1837,0,0,Macrophages
Dhcr24TG_CTAGTGATCTGTCCGT-1,Dhcr24TG,1942,891,0,0,Macrophages
Dhcr24TG_CTCACACAGGGCACTA-1,Dhcr24TG,5003,1850,1,1,Macrophages
Dhcr24TG_CTCACACTCGGTGTCG-1,Dhcr24TG,4992,1900,5,5,Macrophages
Dhcr24TG_CTCAGAACAGCATACT-1,Dhcr24TG,7082,2269,1,1,Macrophages
Dhcr24TG_CTCATTACAGTCGATT-1,Dhcr24TG,5304,1721,0,0,Macrophages
Dhcr24TG_CTCCTAGAGAAGGCCT-1,Dhcr24TG,4567,1388,0,0,Macrophages
Dhcr24TG_CTCCTAGAGATCCCGC-1,Dhcr24TG,7506,2174,0,0,Macrophages
Dhcr24TG_CTCGAGGGTATAGGGC-1,Dhcr24TG,6142,2084,1,1,Macrophages
Dhcr24TG_CTCGGGAAGAACAACT-1,Dhcr24TG,6703,1984,0,0,Macrophages
Dhcr24TG_CTCGGGAAGAGGTACC-1,Dhcr24TG,7317,2155,0,0,Macrophages
Dhcr24TG_CTCGTACAGGGCACTA-1,Dhcr24TG,8252,2265,0,0,Macrophages
Dhcr24TG_CTCGTACTCGCAGGCT-1,Dhcr24TG,5995,2078,7,7,Macrophages
Dhcr24TG_CTCGTCAAGCTACCGC-1,Dhcr24TG,7066,2344,1,1,Macrophages
Dhcr24TG_CTCTAATAGAAACCAT-1,Dhcr24TG,3184,1467,1,1,Macrophages
Dhcr24TG_CTCTACGAGGCGACAT-1,Dhcr24TG,5577,1654,0,0,Macrophages
Dhcr24TG_CTCTACGTCGACGGAA-1,Dhcr24TG,5300,1787,7,7,Macrophages
Dhcr24TG_CTCTGGTCACACCGCA-1,Dhcr24TG,5801,1817,0,0,Macrophages
Dhcr24TG_CTCTGGTGTCCGTGAC-1,Dhcr24TG,5234,1729,0,0,Macrophages
Dhcr24TG_CTGAAACAGCTCCCAG-1,Dhcr24TG,2730,1135,5,5,Macrophages
Dhcr24TG_CTGAAACGTGGTAACG-1,Dhcr24TG,7207,2330,1,1,Macrophages
Dhcr24TG_CTGAAGTTCCGTCAAA-1,Dhcr24TG,7624,2202,0,0,Macrophages
Dhcr24TG_CTGATAGCAGTCCTTC-1,Dhcr24TG,3558,1352,0,0,Macrophages
Dhcr24TG_CTGATAGTCGAACTGT-1,Dhcr24TG,7079,2068,0,0,Macrophages
Dhcr24TG_CTGATCCCAGCTGTTA-1,Dhcr24TG,6727,2306,0,0,Macrophages
Dhcr24TG_CTGCCTAGTTCCTCCA-1,Dhcr24TG,9221,2500,1,1,Macrophages
Dhcr24TG_CTGCTGTGTAGAGCTG-1,Dhcr24TG,4548,1544,0,0,Macrophages
Dhcr24TG_CTGCTGTTCATTGCGA-1,Dhcr24TG,2722,1311,7,7,Macrophages
Dhcr24TG_CTGTTTAAGGATGGTC-1,Dhcr24TG,2165,900,1,1,Macrophages
Dhcr24TG_CTGTTTACAAAGCAAT-1,Dhcr24TG,2993,1182,0,0,Macrophages
Dhcr24TG_CTTACCGTCTGTACGA-1,Dhcr24TG,2019,1006,0,0,Macrophages
Dhcr24TG_CTTAGGAAGCGCCTCA-1,Dhcr24TG,2712,1268,1,1,Macrophages
Dhcr24TG_CTTAGGATCCCTCTTT-1,Dhcr24TG,6626,2015,0,0,Macrophages
Dhcr24TG_CTTCTCTTCCTACAGA-1,Dhcr24TG,4735,1806,0,0,Macrophages
Dhcr24TG_CTTGGCTCATGTCGAT-1,Dhcr24TG,10267,2919,1,1,Macrophages
Dhcr24TG_CTTTGCGCACTGAAGG-1,Dhcr24TG,6896,2229,1,1,Macrophages
Dhcr24TG_GAAACTCAGGCGCTCT-1,Dhcr24TG,4555,1525,1,1,Macrophages
Dhcr24TG_GAAACTCCATGCAACT-1,Dhcr24TG,6219,1826,1,1,Macrophages
Dhcr24TG_GAAATGAAGGCCCTCA-1,Dhcr24TG,6525,1970,1,1,Macrophages
Dhcr24TG_GAAATGACAGGATTGG-1,Dhcr24TG,8116,2576,5,5,Macrophages
Dhcr24TG_GAACATCCAAGGACTG-1,Dhcr24TG,2010,826,7,7,Macrophages
Dhcr24TG_GAACATCCATGCTAGT-1,Dhcr24TG,12202,3506,1,1,Macrophages
Dhcr24TG_GAACATCTCAGTTGAC-1,Dhcr24TG,8793,2529,1,1,Macrophages
Dhcr24TG_GAACCTAAGGCTATCT-1,Dhcr24TG,5495,1885,0,0,Macrophages
Dhcr24TG_GAACCTACACAACTGT-1,Dhcr24TG,7515,2475,0,0,Macrophages
Dhcr24TG_GAACGGACATGGTCAT-1,Dhcr24TG,7382,2168,0,0,Macrophages
Dhcr24TG_GAAGCAGCAGGTCCAC-1,Dhcr24TG,1752,823,0,0,Macrophages
Dhcr24TG_GAATAAGAGCACCGCT-1,Dhcr24TG,5391,1608,0,0,Macrophages
Dhcr24TG_GAATAAGAGTTACCCA-1,Dhcr24TG,3805,1299,7,7,Macrophages
Dhcr24TG_GAATAAGTCGCATGAT-1,Dhcr24TG,4452,1653,1,1,Macrophages
Dhcr24TG_GAATGAAGTTCCACAA-1,Dhcr24TG,9760,2707,1,1,Macrophages
Dhcr24TG_GACAGAGAGCTGCGAA-1,Dhcr24TG,6562,2144,7,7,Macrophages
Dhcr24TG_GACCAATGTAGCCTCG-1,Dhcr24TG,2588,1341,5,5,Macrophages
Dhcr24TG_GACCAATGTCTGGAGA-1,Dhcr24TG,12963,3311,1,1,Macrophages
Dhcr24TG_GACCAATGTTGTCTTT-1,Dhcr24TG,5500,1981,7,7,Macrophages
Dhcr24TG_GACCTGGAGAGTTGGC-1,Dhcr24TG,2975,1146,0,0,Macrophages
Dhcr24TG_GACCTGGTCAGCTCTC-1,Dhcr24TG,4069,1566,7,7,Macrophages
Dhcr24TG_GACGCGTAGTGTGAAT-1,Dhcr24TG,3718,1472,1,1,Macrophages
Dhcr24TG_GACGCGTTCACGACTA-1,Dhcr24TG,9826,2582,5,5,Macrophages
Dhcr24TG_GACGCGTTCGAGAACG-1,Dhcr24TG,16512,3434,1,1,Macrophages
Dhcr24TG_GACGTGCCAATGGTCT-1,Dhcr24TG,9219,2373,7,7,Macrophages
Dhcr24TG_GACGTTAAGATCACGG-1,Dhcr24TG,2330,1181,1,1,Macrophages
Dhcr24TG_GACGTTAAGGAGTACC-1,Dhcr24TG,10230,2664,0,0,Macrophages
Dhcr24TG_GACGTTACAGTTCCCT-1,Dhcr24TG,17203,3911,5,5,Macrophages
Dhcr24TG_GACGTTAGTTCGTTGA-1,Dhcr24TG,11636,3071,1,1,Macrophages
Dhcr24TG_GACGTTATCTACTCAT-1,Dhcr24TG,5968,1918,5,5,Macrophages
Dhcr24TG_GACTAACAGATGTCGG-1,Dhcr24TG,7212,2063,0,0,Macrophages
Dhcr24TG_GACTAACTCCCGGATG-1,Dhcr24TG,11184,3059,0,0,Macrophages
Dhcr24TG_GACTACACACCAACCG-1,Dhcr24TG,4724,1784,1,1,Macrophages
Dhcr24TG_GACTGCGGTCTGCCAG-1,Dhcr24TG,8267,2409,0,0,Macrophages
Dhcr24TG_GAGCAGACAGTAACGG-1,Dhcr24TG,7803,2379,1,1,Macrophages
Dhcr24TG_GAGCAGATCATTGCGA-1,Dhcr24TG,1891,899,0,0,Macrophages
Dhcr24TG_GAGTCCGAGCCGGTAA-1,Dhcr24TG,2318,918,0,0,Macrophages
Dhcr24TG_GAGTCCGTCTGCTGCT-1,Dhcr24TG,5016,1840,1,1,Macrophages
Dhcr24TG_GATCAGTGTAAGCACG-1,Dhcr24TG,3888,1369,0,0,Macrophages
Dhcr24TG_GATCGATAGAAGGTTT-1,Dhcr24TG,7179,2063,0,0,Macrophages
Dhcr24TG_GATCGATAGATCCGAG-1,Dhcr24TG,3099,1267,0,0,Macrophages
Dhcr24TG_GATCGCGGTGTAAGTA-1,Dhcr24TG,3522,1400,7,7,Macrophages
Dhcr24TG_GATCGCGTCGCCAGCA-1,Dhcr24TG,5716,1831,0,0,Macrophages
Dhcr24TG_GATCGTAAGAGCCCAA-1,Dhcr24TG,4272,1583,1,1,Macrophages
Dhcr24TG_GATCGTACACCTTGTC-1,Dhcr24TG,1992,1025,1,1,Macrophages
Dhcr24TG_GATCTAGCAAGCGCTC-1,Dhcr24TG,6025,1795,0,0,Macrophages
Dhcr24TG_GATCTAGTCCTTTCTC-1,Dhcr24TG,2873,1318,0,0,Macrophages
Dhcr24TG_GATGAAACAGATCGGA-1,Dhcr24TG,24282,3994,1,1,Macrophages
Dhcr24TG_GATGAAAGTAAAGGAG-1,Dhcr24TG,4136,1521,1,1,Macrophages
Dhcr24TG_GATGAGGCACGAAGCA-1,Dhcr24TG,2659,1181,1,1,Macrophages
Dhcr24TG_GATGAGGCATACCATG-1,Dhcr24TG,13358,3062,0,0,Macrophages
Dhcr24TG_GATGAGGTCATGTCCC-1,Dhcr24TG,11661,3251,1,1,Macrophages
Dhcr24TG_GATGAGGTCCTATGTT-1,Dhcr24TG,7595,2421,1,1,Macrophages
Dhcr24TG_GATGCTAAGGTGATAT-1,Dhcr24TG,1715,792,0,0,Macrophages
Dhcr24TG_GATGCTAGTAGCGTGA-1,Dhcr24TG,2456,1098,1,1,Macrophages
Dhcr24TG_GATGCTAGTCCTAGCG-1,Dhcr24TG,16180,3680,1,1,Macrophages
Dhcr24TG_GATTCAGGTTATGCGT-1,Dhcr24TG,7053,2075,0,0,Macrophages
Dhcr24TG_GCAAACTCAATGTAAG-1,Dhcr24TG,4267,1607,0,0,Macrophages
Dhcr24TG_GCAAACTTCCAAATGC-1,Dhcr24TG,5391,1983,1,1,Macrophages
Dhcr24TG_GCAATCACACTGAAGG-1,Dhcr24TG,5562,2050,1,1,Macrophages
Dhcr24TG_GCACATACATTCTTAC-1,Dhcr24TG,8170,2503,0,0,Macrophages
Dhcr24TG_GCACTCTTCCGAGCCA-1,Dhcr24TG,1769,936,1,1,Macrophages
Dhcr24TG_GCAGCCAAGCTCAACT-1,Dhcr24TG,2079,663,1,1,Macrophages
Dhcr24TG_GCAGCCAAGGGAAACA-1,Dhcr24TG,12237,3587,5,5,Macrophages
Dhcr24TG_GCAGCCACATGGTCAT-1,Dhcr24TG,7292,1994,0,0,Macrophages
Dhcr24TG_GCAGTTAAGGGATCTG-1,Dhcr24TG,3566,1428,1,1,Macrophages
Dhcr24TG_GCAGTTATCCGAATGT-1,Dhcr24TG,15062,3040,5,5,Macrophages
Dhcr24TG_GCATACACAAGGCTCC-1,Dhcr24TG,6634,2173,5,5,Macrophages
Dhcr24TG_GCATACATCGGAAATA-1,Dhcr24TG,7520,2300,0,0,Macrophages
Dhcr24TG_GCATGCGAGATTACCC-1,Dhcr24TG,5618,1826,0,0,Macrophages
Dhcr24TG_GCATGCGAGCTCCCAG-1,Dhcr24TG,4153,1595,1,1,Macrophages
Dhcr24TG_GCATGCGCAATGACCT-1,Dhcr24TG,4808,1686,1,1,Macrophages
Dhcr24TG_GCCAAATTCCACGTGG-1,Dhcr24TG,8129,2332,0,0,Macrophages
Dhcr24TG_GCCTCTATCACTTCAT-1,Dhcr24TG,4703,1638,0,0,Macrophages
Dhcr24TG_GCGAGAAAGACAAGCC-1,Dhcr24TG,3470,1451,1,1,Macrophages
Dhcr24TG_GCGAGAAAGCGCCTCA-1,Dhcr24TG,1934,914,0,0,Macrophages
Dhcr24TG_GCGAGAACAATCTACG-1,Dhcr24TG,16831,3305,1,1,Macrophages
Dhcr24TG_GCGAGAAGTTATGCGT-1,Dhcr24TG,9399,2548,1,1,Macrophages
Dhcr24TG_GCGAGAAGTTTGACTG-1,Dhcr24TG,5906,1694,0,0,Macrophages
Dhcr24TG_GCGCAACCATTTCACT-1,Dhcr24TG,5764,2106,1,1,Macrophages
Dhcr24TG_GCGCAACGTCTCACCT-1,Dhcr24TG,3121,1263,0,0,Macrophages
Dhcr24TG_GCGCAACGTGCACTTA-1,Dhcr24TG,1982,961,0,0,Macrophages
Dhcr24TG_GCGCAGTGTCTGCAAT-1,Dhcr24TG,10128,2917,1,1,Macrophages
Dhcr24TG_GCGCAGTTCCTAGGGC-1,Dhcr24TG,6268,2022,7,7,Macrophages
Dhcr24TG_GCGCCAAAGAGTACCG-1,Dhcr24TG,7175,2077,0,0,Macrophages
Dhcr24TG_GCGCCAAGTTTCGCTC-1,Dhcr24TG,10241,2739,1,1,Macrophages
Dhcr24TG_GCGCCAATCTTAACCT-1,Dhcr24TG,3915,1420,1,1,Macrophages
Dhcr24TG_GCGCCAATCTTTCCTC-1,Dhcr24TG,10106,2646,1,1,Macrophages
Dhcr24TG_GCGCGATCAGGTCCAC-1,Dhcr24TG,9492,2721,1,1,Macrophages
Dhcr24TG_GCGCGATGTATTCGTG-1,Dhcr24TG,5510,2008,1,1,Macrophages
Dhcr24TG_GCGCGATTCTGCCAGG-1,Dhcr24TG,12946,3334,1,1,Macrophages
Dhcr24TG_GCTCCTACAACTGCTA-1,Dhcr24TG,2137,1044,0,0,Macrophages
Dhcr24TG_GCTCTGTTCACCTCGT-1,Dhcr24TG,4512,1552,1,1,Macrophages
Dhcr24TG_GCTCTGTTCAGGCAAG-1,Dhcr24TG,10368,2789,1,1,Macrophages
Dhcr24TG_GCTGCTTTCCTACAGA-1,Dhcr24TG,13645,2934,1,1,Macrophages
Dhcr24TG_GCTGGGTTCGCCAAAT-1,Dhcr24TG,3069,1346,1,1,Macrophages
Dhcr24TG_GGAAAGCAGAAACGCC-1,Dhcr24TG,9479,2609,7,7,Macrophages
Dhcr24TG_GGAAAGCAGTTGAGAT-1,Dhcr24TG,12447,2993,0,0,Macrophages
Dhcr24TG_GGAATAAAGCTAGCCC-1,Dhcr24TG,5554,1984,1,1,Macrophages
Dhcr24TG_GGACATTCATCCTTGC-1,Dhcr24TG,4830,1648,0,0,Macrophages
Dhcr24TG_GGACGTCAGCTAAGAT-1,Dhcr24TG,23040,4078,5,5,Macrophages
Dhcr24TG_GGAGCAATCAAACCGT-1,Dhcr24TG,14324,3144,1,1,Macrophages
Dhcr24TG_GGATTACAGACTGGGT-1,Dhcr24TG,2850,1140,0,0,Macrophages
Dhcr24TG_GGATTACGTAGCTGCC-1,Dhcr24TG,4778,1789,7,7,Macrophages
Dhcr24TG_GGCAATTAGCGATTCT-1,Dhcr24TG,12066,3655,5,5,Macrophages
Dhcr24TG_GGCAATTTCTGCCCTA-1,Dhcr24TG,9484,2702,0,0,Macrophages
Dhcr24TG_GGCCGATCAGGTTTCA-1,Dhcr24TG,3655,1357,0,0,Macrophages
Dhcr24TG_GGCGACTGTAGAGTGC-1,Dhcr24TG,1774,856,1,1,Macrophages
Dhcr24TG_GGCGACTGTCGCGGTT-1,Dhcr24TG,4790,1790,1,1,Macrophages
Dhcr24TG_GGCGTGTAGTGATCGG-1,Dhcr24TG,5650,1887,1,1,Macrophages
Dhcr24TG_GGCGTGTGTACTCAAC-1,Dhcr24TG,3005,1181,0,0,Macrophages
Dhcr24TG_GGCTCGAAGGACACCA-1,Dhcr24TG,10553,2792,5,5,Macrophages
Dhcr24TG_GGCTCGAAGTTGTAGA-1,Dhcr24TG,10040,2956,5,5,Macrophages
Dhcr24TG_GGCTCGATCAACACTG-1,Dhcr24TG,4451,1502,0,0,Macrophages
Dhcr24TG_GGCTGGTAGCTAACAA-1,Dhcr24TG,12867,3214,5,5,Macrophages
Dhcr24TG_GGCTGGTCAGGACCCT-1,Dhcr24TG,6121,2058,0,0,Macrophages
Dhcr24TG_GGGAATGAGTTTGCGT-1,Dhcr24TG,20249,4251,5,5,Macrophages
Dhcr24TG_GGGAGATAGTGTCTCA-1,Dhcr24TG,3078,1201,0,0,Macrophages
Dhcr24TG_GGGAGATGTCGGCATC-1,Dhcr24TG,11729,3101,0,0,Macrophages
Dhcr24TG_GGGAGATGTCTACCTC-1,Dhcr24TG,7090,2303,1,1,Macrophages
Dhcr24TG_GGGAGATGTGTCTGAT-1,Dhcr24TG,5167,1884,1,1,Macrophages
Dhcr24TG_GGGATGAAGTTAAGTG-1,Dhcr24TG,5967,1871,0,0,Macrophages
Dhcr24TG_GGGCACTAGCCAGGAT-1,Dhcr24TG,5865,1900,1,1,Macrophages
Dhcr24TG_GGGCACTTCGTTACGA-1,Dhcr24TG,11470,2995,7,7,Macrophages
Dhcr24TG_GGGCATCAGTACCGGA-1,Dhcr24TG,10036,2602,1,1,Macrophages
Dhcr24TG_GGGCATCGTTGTTTGG-1,Dhcr24TG,2202,1007,0,0,Macrophages
Dhcr24TG_GGGTTGCAGTTAAGTG-1,Dhcr24TG,6778,1929,0,0,Macrophages
Dhcr24TG_GGTATTGCATTCTCAT-1,Dhcr24TG,2914,894,1,1,Macrophages
Dhcr24TG_GGTATTGTCACTTCAT-1,Dhcr24TG,2565,1140,1,1,Macrophages
Dhcr24TG_GGTGAAGCATAAGACA-1,Dhcr24TG,16468,3569,1,1,Macrophages
Dhcr24TG_GGTGAAGGTCTCCATC-1,Dhcr24TG,3519,1552,0,0,Macrophages
Dhcr24TG_GGTGCGTAGACTACAA-1,Dhcr24TG,3585,1516,0,0,Macrophages
Dhcr24TG_GGTGCGTCATTATCTC-1,Dhcr24TG,6588,1984,1,1,Macrophages
Dhcr24TG_GGTGTTACAACACCTA-1,Dhcr24TG,7521,2281,0,0,Macrophages
Dhcr24TG_GGTGTTAGTAGAAGGA-1,Dhcr24TG,8147,2174,0,0,Macrophages
Dhcr24TG_GGTGTTATCCCTTGTG-1,Dhcr24TG,11141,3019,5,5,Macrophages
Dhcr24TG_GTAACGTCAGCTGGCT-1,Dhcr24TG,3772,1469,1,1,Macrophages
Dhcr24TG_GTAACTGAGCGTTCCG-1,Dhcr24TG,14937,3300,1,1,Macrophages
Dhcr24TG_GTAACTGAGTACATGA-1,Dhcr24TG,4811,1649,7,7,Macrophages
Dhcr24TG_GTAACTGTCCCGGATG-1,Dhcr24TG,1973,1015,1,1,Macrophages
Dhcr24TG_GTACGTACAGTGGGAT-1,Dhcr24TG,5838,1764,0,0,Macrophages
Dhcr24TG_GTACTCCCAGTGGGAT-1,Dhcr24TG,1996,1004,0,0,Macrophages
Dhcr24TG_GTAGGCCCATTCCTGC-1,Dhcr24TG,8753,2363,0,0,Macrophages
Dhcr24TG_GTAGGCCGTCTTCGTC-1,Dhcr24TG,5285,1808,1,1,Macrophages
Dhcr24TG_GTAGGCCTCCGAATGT-1,Dhcr24TG,6227,2110,0,0,Macrophages
Dhcr24TG_GTAGTCAAGCATCATC-1,Dhcr24TG,5716,2158,1,1,Macrophages
Dhcr24TG_GTAGTCAAGCGTGTCC-1,Dhcr24TG,8251,2452,5,5,Macrophages
Dhcr24TG_GTATCTTGTACCGCTG-1,Dhcr24TG,3012,1164,0,0,Macrophages
Dhcr24TG_GTATCTTGTCTAGCCG-1,Dhcr24TG,3568,1371,0,0,Macrophages
Dhcr24TG_GTATCTTTCACTTATC-1,Dhcr24TG,3667,1182,0,0,Macrophages
Dhcr24TG_GTATTCTAGGGTCGAT-1,Dhcr24TG,5635,1986,1,1,Macrophages
Dhcr24TG_GTCACAACACATTTCT-1,Dhcr24TG,3703,1574,7,7,Macrophages
Dhcr24TG_GTCACGGAGATGGCGT-1,Dhcr24TG,6639,1902,0,0,Macrophages
Dhcr24TG_GTCACGGCACCTTGTC-1,Dhcr24TG,6857,1937,0,0,Macrophages
Dhcr24TG_GTCACGGTCAGTTTGG-1,Dhcr24TG,13101,3338,5,5,Macrophages
Dhcr24TG_GTCGGGTAGCAAATCA-1,Dhcr24TG,1661,914,1,1,Macrophages
Dhcr24TG_GTCGGGTGTTTGTTGG-1,Dhcr24TG,2249,1133,1,1,Macrophages
Dhcr24TG_GTCGTAAAGCGATAGC-1,Dhcr24TG,8068,2326,7,7,Macrophages
Dhcr24TG_GTCGTAACATGATCCA-1,Dhcr24TG,2589,1185,0,0,Macrophages
Dhcr24TG_GTCTCGTAGGGCTTCC-1,Dhcr24TG,2588,1101,1,1,Macrophages
Dhcr24TG_GTCTTCGAGCGTGTCC-1,Dhcr24TG,3918,1539,7,7,Macrophages
Dhcr24TG_GTGAAGGGTTGGAGGT-1,Dhcr24TG,5946,1889,7,7,Macrophages
Dhcr24TG_GTGCAGCGTATATCCG-1,Dhcr24TG,9752,2624,1,1,Macrophages
Dhcr24TG_GTGCATACAGTATCTG-1,Dhcr24TG,13409,3318,5,5,Macrophages
Dhcr24TG_GTGCGGTAGGTACTCT-1,Dhcr24TG,6702,1895,1,1,Macrophages
Dhcr24TG_GTGCTTCGTAATCACC-1,Dhcr24TG,2092,992,0,0,Macrophages
Dhcr24TG_GTGGGTCAGCAAATCA-1,Dhcr24TG,3882,1533,7,7,Macrophages
Dhcr24TG_GTGGGTCAGGATCGCA-1,Dhcr24TG,6138,1727,0,0,Macrophages
Dhcr24TG_GTGGGTCGTTCACGGC-1,Dhcr24TG,2581,1077,1,1,Macrophages
Dhcr24TG_GTGTGCGTCTAACTGG-1,Dhcr24TG,2768,1208,7,7,Macrophages
Dhcr24TG_GTGTTAGCAGTCAGAG-1,Dhcr24TG,7738,2188,0,0,Macrophages
Dhcr24TG_GTTAAGCAGCAGCGTA-1,Dhcr24TG,9403,2351,0,0,Macrophages
Dhcr24TG_GTTCATTCAGTCGATT-1,Dhcr24TG,2256,1076,1,1,Macrophages
Dhcr24TG_GTTCGGGCAAACCCAT-1,Dhcr24TG,4579,1663,1,1,Macrophages
Dhcr24TG_GTTCGGGGTGAAGGCT-1,Dhcr24TG,8265,2448,1,1,Macrophages
Dhcr24TG_GTTCGGGTCCCTAATT-1,Dhcr24TG,1953,951,0,0,Macrophages
Dhcr24TG_GTTCTCGCACAACTGT-1,Dhcr24TG,5652,1790,0,0,Macrophages
Dhcr24TG_GTTCTCGCAGCCACCA-1,Dhcr24TG,1992,920,1,1,Macrophages
Dhcr24TG_GTTCTCGCAGTCAGAG-1,Dhcr24TG,7389,1976,0,0,Macrophages
Dhcr24TG_GTTCTCGGTCTTCAAG-1,Dhcr24TG,3757,988,1,1,Macrophages
Dhcr24TG_TAAACCGAGTGGCACA-1,Dhcr24TG,2890,1171,1,1,Macrophages
Dhcr24TG_TAAACCGGTCCAACTA-1,Dhcr24TG,6947,2033,0,0,Macrophages
Dhcr24TG_TAAACCGTCTACTCAT-1,Dhcr24TG,13655,3231,1,1,Macrophages
Dhcr24TG_TAAGAGACATGTCCTC-1,Dhcr24TG,2771,1247,7,7,Macrophages
Dhcr24TG_TAAGAGATCGTTTGCC-1,Dhcr24TG,2955,1114,0,0,Macrophages
Dhcr24TG_TAAGCGTGTTTGGGCC-1,Dhcr24TG,1822,809,0,0,Macrophages
Dhcr24TG_TAAGTGCGTCGCATCG-1,Dhcr24TG,3203,1324,1,1,Macrophages
Dhcr24TG_TACACGACACCAGGTC-1,Dhcr24TG,6888,2179,1,1,Macrophages
Dhcr24TG_TACAGTGCACGACGAA-1,Dhcr24TG,4536,1815,7,7,Macrophages
Dhcr24TG_TACAGTGTCACCCGAG-1,Dhcr24TG,7501,2292,1,1,Macrophages
Dhcr24TG_TACCTATCAAGGCTCC-1,Dhcr24TG,4113,1725,1,1,Macrophages
Dhcr24TG_TACCTTATCCGAAGAG-1,Dhcr24TG,9525,2503,0,0,Macrophages
Dhcr24TG_TACGGATAGGCTAGCA-1,Dhcr24TG,7600,2270,1,1,Macrophages
Dhcr24TG_TACGGATAGTGTCCCG-1,Dhcr24TG,9191,2548,0,0,Macrophages
Dhcr24TG_TACGGATCATGAGCGA-1,Dhcr24TG,2251,1112,1,1,Macrophages
Dhcr24TG_TACGGTAGTCAGGACA-1,Dhcr24TG,9692,2574,0,0,Macrophages
Dhcr24TG_TACGGTATCCTAAGTG-1,Dhcr24TG,3053,1216,0,0,Macrophages
Dhcr24TG_TACTCATAGTGAAGTT-1,Dhcr24TG,4273,1566,0,0,Macrophages
Dhcr24TG_TACTCATTCACCCGAG-1,Dhcr24TG,2665,1179,1,1,Macrophages
Dhcr24TG_TACTCGCAGAGATGAG-1,Dhcr24TG,6378,2021,1,1,Macrophages
Dhcr24TG_TACTCGCCACGGCTAC-1,Dhcr24TG,9061,2618,5,5,Macrophages
Dhcr24TG_TACTCGCCAGGACCCT-1,Dhcr24TG,8239,2391,1,1,Macrophages
Dhcr24TG_TACTTGTGTATGAAAC-1,Dhcr24TG,10125,2739,0,0,Macrophages
Dhcr24TG_TACTTGTGTTCTGTTT-1,Dhcr24TG,6629,2055,0,0,Macrophages
Dhcr24TG_TACTTGTTCCGAACGC-1,Dhcr24TG,21184,4310,1,1,Macrophages
Dhcr24TG_TAGACCATCAGCGACC-1,Dhcr24TG,3772,1543,1,1,Macrophages
Dhcr24TG_TAGAGCTAGAGTAATC-1,Dhcr24TG,3973,1465,0,0,Macrophages
Dhcr24TG_TAGAGCTGTAGGCATG-1,Dhcr24TG,7352,2159,7,7,Macrophages
Dhcr24TG_TAGAGCTTCATCTGCC-1,Dhcr24TG,2993,1263,0,0,Macrophages
Dhcr24TG_TAGAGCTTCCCAAGAT-1,Dhcr24TG,4735,1757,1,1,Macrophages
Dhcr24TG_TAGCCGGGTACATGTC-1,Dhcr24TG,3326,1426,5,5,Macrophages
Dhcr24TG_TAGGCATAGGTAGCCA-1,Dhcr24TG,12368,2927,0,0,Macrophages
Dhcr24TG_TAGTGGTCAAGTCATC-1,Dhcr24TG,15602,3485,1,1,Macrophages
Dhcr24TG_TAGTGGTTCTCCCTGA-1,Dhcr24TG,12650,3124,0,0,Macrophages
Dhcr24TG_TAGTTGGAGTAAGTAC-1,Dhcr24TG,6222,2254,0,0,Macrophages
Dhcr24TG_TATCTCATCAAACCGT-1,Dhcr24TG,2553,1076,0,0,Macrophages
Dhcr24TG_TATTACCAGCTAGGCA-1,Dhcr24TG,10194,2644,1,1,Macrophages
Dhcr24TG_TCAACGAAGATGTAAC-1,Dhcr24TG,6966,1926,0,0,Macrophages
Dhcr24TG_TCAACGAAGCCACTAT-1,Dhcr24TG,7357,2051,0,0,Macrophages
Dhcr24TG_TCAACGATCTACTTAC-1,Dhcr24TG,3404,1288,0,0,Macrophages
Dhcr24TG_TCAATCTAGTAGATGT-1,Dhcr24TG,9112,2400,1,1,Macrophages
Dhcr24TG_TCAATCTGTGTGCCTG-1,Dhcr24TG,7546,2386,0,0,Macrophages
Dhcr24TG_TCACGAACAAGTCTAC-1,Dhcr24TG,7645,2156,0,0,Macrophages
Dhcr24TG_TCACGAACAGGGATTG-1,Dhcr24TG,6253,2175,0,0,Macrophages
Dhcr24TG_TCACGAATCCGTAGGC-1,Dhcr24TG,3832,1461,1,1,Macrophages
Dhcr24TG_TCACGAATCCTGCAGG-1,Dhcr24TG,16655,3583,1,1,Macrophages
Dhcr24TG_TCAGCAACAGTCTTCC-1,Dhcr24TG,6114,1970,1,1,Macrophages
Dhcr24TG_TCAGCAAGTAAGTAGT-1,Dhcr24TG,2153,888,0,0,Macrophages
Dhcr24TG_TCAGCAATCGTAGATC-1,Dhcr24TG,5618,1619,0,0,Macrophages
Dhcr24TG_TCAGCTCCAGGGAGAG-1,Dhcr24TG,2170,963,0,0,Macrophages
Dhcr24TG_TCAGCTCCATCCTAGA-1,Dhcr24TG,4880,1802,0,0,Macrophages
Dhcr24TG_TCAGCTCGTGAAATCA-1,Dhcr24TG,5594,1638,0,0,Macrophages
Dhcr24TG_TCAGCTCGTTAAGGGC-1,Dhcr24TG,8540,2551,1,1,Macrophages
Dhcr24TG_TCAGGATAGAGACTTA-1,Dhcr24TG,4435,1605,0,0,Macrophages
Dhcr24TG_TCAGGATGTCGGGTCT-1,Dhcr24TG,14658,3442,5,5,Macrophages
Dhcr24TG_TCAGGATGTTTACTCT-1,Dhcr24TG,2677,1100,0,0,Macrophages
Dhcr24TG_TCATTACGTCTAGAGG-1,Dhcr24TG,7175,2079,0,0,Macrophages
Dhcr24TG_TCATTTGGTCTTCAAG-1,Dhcr24TG,10827,2883,5,5,Macrophages
Dhcr24TG_TCATTTGTCTGGAGCC-1,Dhcr24TG,5065,1764,1,1,Macrophages
Dhcr24TG_TCCACACAGAGCTATA-1,Dhcr24TG,1990,756,0,0,Macrophages
Dhcr24TG_TCCACACTCCACGTTC-1,Dhcr24TG,4734,1528,0,0,Macrophages
Dhcr24TG_TCCCGATAGCTATGCT-1,Dhcr24TG,6092,1816,0,0,Macrophages
Dhcr24TG_TCGAGGCGTAAGGGAA-1,Dhcr24TG,8751,2521,1,1,Macrophages
Dhcr24TG_TCGCGTTGTAGAGTGC-1,Dhcr24TG,1702,786,0,0,Macrophages
Dhcr24TG_TCGCGTTTCATAGCAC-1,Dhcr24TG,6163,2119,7,7,Macrophages
Dhcr24TG_TCGCGTTTCATCGATG-1,Dhcr24TG,9425,2748,5,5,Macrophages
Dhcr24TG_TCGGGACGTCATCCCT-1,Dhcr24TG,8146,2589,1,1,Macrophages
Dhcr24TG_TCGGGACGTTGCGTTA-1,Dhcr24TG,10772,2793,1,1,Macrophages
Dhcr24TG_TCGTACCCATAGAAAC-1,Dhcr24TG,7559,2281,1,1,Macrophages
Dhcr24TG_TCGTACCGTACCCAAT-1,Dhcr24TG,11166,3010,1,1,Macrophages
Dhcr24TG_TCGTAGATCTCGTTTA-1,Dhcr24TG,4620,1825,0,0,Macrophages
Dhcr24TG_TCTATTGAGTTACGGG-1,Dhcr24TG,2645,1152,0,0,Macrophages
Dhcr24TG_TCTATTGTCGCTTAGA-1,Dhcr24TG,6163,2075,0,0,Macrophages
Dhcr24TG_TCTATTGTCTGAGGGA-1,Dhcr24TG,3934,1563,1,1,Macrophages
Dhcr24TG_TCTCATAGTTAAGACA-1,Dhcr24TG,7586,2260,1,1,Macrophages
Dhcr24TG_TCTCTAAAGCCTTGAT-1,Dhcr24TG,12853,3273,1,1,Macrophages
Dhcr24TG_TCTCTAAAGGATGGTC-1,Dhcr24TG,5755,2102,0,0,Macrophages
Dhcr24TG_TCTCTAAAGTAGCCGA-1,Dhcr24TG,5039,1850,1,1,Macrophages
Dhcr24TG_TCTGAGAAGTTCGCGC-1,Dhcr24TG,4139,1528,1,1,Macrophages
Dhcr24TG_TCTGAGAGTCTCTTTA-1,Dhcr24TG,6504,1995,0,0,Macrophages
Dhcr24TG_TCTGAGATCGACGGAA-1,Dhcr24TG,10951,3063,7,7,Macrophages
Dhcr24TG_TCTGGAAAGCGTTTAC-1,Dhcr24TG,3568,1176,0,0,Macrophages
Dhcr24TG_TCTTCGGAGTGGCACA-1,Dhcr24TG,3396,1346,0,0,Macrophages
Dhcr24TG_TCTTCGGCAAATTGCC-1,Dhcr24TG,5479,1673,0,0,Macrophages
Dhcr24TG_TCTTCGGCAGCTCGCA-1,Dhcr24TG,3813,1723,0,0,Macrophages
Dhcr24TG_TGACTTTCAGATCTGT-1,Dhcr24TG,6213,2018,1,1,Macrophages
Dhcr24TG_TGACTTTTCTCAAACG-1,Dhcr24TG,13462,3249,1,1,Macrophages
Dhcr24TG_TGACTTTTCTGGCGTG-1,Dhcr24TG,4816,1619,0,0,Macrophages
Dhcr24TG_TGAGAGGAGAGGTAGA-1,Dhcr24TG,1945,968,0,0,Macrophages
Dhcr24TG_TGAGCCGGTGCCTGTG-1,Dhcr24TG,5660,1908,1,1,Macrophages
Dhcr24TG_TGCCCATTCAAGAAGT-1,Dhcr24TG,4761,1723,1,1,Macrophages
Dhcr24TG_TGCCCTACACCAGCAC-1,Dhcr24TG,10754,2923,1,1,Macrophages
Dhcr24TG_TGCCCTAGTTCTCATT-1,Dhcr24TG,8267,2213,7,7,Macrophages
Dhcr24TG_TGCCCTATCCCTTGCA-1,Dhcr24TG,7293,2091,0,0,Macrophages
Dhcr24TG_TGCGCAGCAATAGAGT-1,Dhcr24TG,4343,1369,0,0,Macrophages
Dhcr24TG_TGCGCAGCACTCGACG-1,Dhcr24TG,5030,1768,1,1,Macrophages
Dhcr24TG_TGCTGCTCAAGCGTAG-1,Dhcr24TG,2188,941,1,1,Macrophages
Dhcr24TG_TGCTGCTCAAGTTCTG-1,Dhcr24TG,6117,2042,1,1,Macrophages
Dhcr24TG_TGCTGCTTCAACTCTT-1,Dhcr24TG,2776,1326,1,1,Macrophages
Dhcr24TG_TGGCCAGCATGGGAAC-1,Dhcr24TG,5350,1867,1,1,Macrophages
Dhcr24TG_TGGCCAGTCCAGAAGG-1,Dhcr24TG,2380,875,1,1,Macrophages
Dhcr24TG_TGGCTGGGTACGACCC-1,Dhcr24TG,12803,3035,0,0,Macrophages
Dhcr24TG_TGGGAAGGTCGTGGCT-1,Dhcr24TG,2380,1095,1,1,Macrophages
Dhcr24TG_TGGGAAGTCGGAGGTA-1,Dhcr24TG,6892,2247,1,1,Macrophages
Dhcr24TG_TGGGCGTGTTCCACTC-1,Dhcr24TG,2232,921,0,0,Macrophages
Dhcr24TG_TGGTTAGGTACTCTCC-1,Dhcr24TG,5386,1927,0,0,Macrophages
Dhcr24TG_TGGTTCCAGAATGTTG-1,Dhcr24TG,2906,963,0,0,Macrophages
Dhcr24TG_TGGTTCCTCCAGGGCT-1,Dhcr24TG,16511,3476,5,5,Macrophages
Dhcr24TG_TGTATTCAGTGCAAGC-1,Dhcr24TG,3781,1514,1,1,Macrophages
Dhcr24TG_TGTGGTACATAAAGGT-1,Dhcr24TG,4933,1540,0,0,Macrophages
Dhcr24TG_TGTGGTAGTGATGTCT-1,Dhcr24TG,12088,2983,5,5,Macrophages
Dhcr24TG_TTAACTCAGGCAAAGA-1,Dhcr24TG,6528,1925,7,7,Macrophages
Dhcr24TG_TTAACTCCAAGCGCTC-1,Dhcr24TG,1674,868,7,7,Macrophages
Dhcr24TG_TTAACTCTCATAACCG-1,Dhcr24TG,5196,1743,1,1,Macrophages
Dhcr24TG_TTAACTCTCGAACTGT-1,Dhcr24TG,7450,2078,0,0,Macrophages
Dhcr24TG_TTAGGACAGACTGGGT-1,Dhcr24TG,3516,1339,0,0,Macrophages
Dhcr24TG_TTAGGACCATTGTGCA-1,Dhcr24TG,3463,1479,1,1,Macrophages
Dhcr24TG_TTAGGCAAGAGTACAT-1,Dhcr24TG,10023,2993,5,5,Macrophages
Dhcr24TG_TTAGGCAAGGGCATGT-1,Dhcr24TG,1790,845,0,0,Macrophages
Dhcr24TG_TTAGGCACATCGATTG-1,Dhcr24TG,5547,1829,0,0,Macrophages
Dhcr24TG_TTAGGCAGTAGCGTCC-1,Dhcr24TG,3278,1431,0,0,Macrophages
Dhcr24TG_TTAGGCATCGGCGCTA-1,Dhcr24TG,7467,2010,0,0,Macrophages
Dhcr24TG_TTAGTTCGTGTCCTCT-1,Dhcr24TG,14008,3534,5,5,Macrophages
Dhcr24TG_TTAGTTCGTTGTCTTT-1,Dhcr24TG,7726,2456,5,5,Macrophages
Dhcr24TG_TTATGCTTCCATGAAC-1,Dhcr24TG,2433,1014,0,0,Macrophages
Dhcr24TG_TTCCCAGCAATTGCTG-1,Dhcr24TG,3157,1369,0,0,Macrophages
Dhcr24TG_TTCCCAGCAGCAGTTT-1,Dhcr24TG,5356,1827,1,1,Macrophages
Dhcr24TG_TTCGAAGAGACGCAAC-1,Dhcr24TG,8594,2361,0,0,Macrophages
Dhcr24TG_TTCGAAGAGCTGCCCA-1,Dhcr24TG,5170,2043,0,0,Macrophages
Dhcr24TG_TTCGAAGGTGTGCCTG-1,Dhcr24TG,3161,1437,5,5,Macrophages
Dhcr24TG_TTCGAAGTCAGCCTAA-1,Dhcr24TG,4904,1776,0,0,Macrophages
Dhcr24TG_TTCGGTCAGGGTATCG-1,Dhcr24TG,16300,3730,5,5,Macrophages
Dhcr24TG_TTCGGTCTCCACGAAT-1,Dhcr24TG,10782,2718,0,0,Macrophages
Dhcr24TG_TTCGGTCTCGGCATCG-1,Dhcr24TG,3759,1496,0,0,Macrophages
Dhcr24TG_TTCTACAAGACACTAA-1,Dhcr24TG,3209,1354,1,1,Macrophages
Dhcr24TG_TTCTACAAGCCACCTG-1,Dhcr24TG,4364,1571,0,0,Macrophages
Dhcr24TG_TTCTACACATCTATGG-1,Dhcr24TG,12569,3201,1,1,Macrophages
Dhcr24TG_TTCTACACATTGGCGC-1,Dhcr24TG,2924,1148,0,0,Macrophages
Dhcr24TG_TTCTTAGCACGGCGTT-1,Dhcr24TG,16735,3741,5,5,Macrophages
Dhcr24TG_TTGAACGCAAATACAG-1,Dhcr24TG,19378,3976,1,1,Macrophages
Dhcr24TG_TTGAACGGTCAGAGGT-1,Dhcr24TG,5842,1848,5,5,Macrophages
Dhcr24TG_TTGAACGGTCTTGCGG-1,Dhcr24TG,4785,1589,1,1,Macrophages
Dhcr24TG_TTGACTTTCTCTGTCG-1,Dhcr24TG,5026,1837,1,1,Macrophages
Dhcr24TG_TTGCCGTTCTACCTGC-1,Dhcr24TG,2881,1192,0,0,Macrophages
Dhcr24TG_TTGGAACAGGACAGCT-1,Dhcr24TG,3125,1081,1,1,Macrophages
Dhcr24TG_TTGGAACAGTTTGCGT-1,Dhcr24TG,9180,2649,5,5,Macrophages
Dhcr24TG_TTGTAGGAGGCGACAT-1,Dhcr24TG,5539,1627,0,0,Macrophages
Dhcr24TG_TTGTAGGGTATCACCA-1,Dhcr24TG,6145,1861,0,0,Macrophages
Dhcr24TG_TTGTAGGGTTCGCGAC-1,Dhcr24TG,8525,2331,0,0,Macrophages
Dhcr24TG_TTTACTGAGAGTAATC-1,Dhcr24TG,2222,508,1,1,Macrophages
Dhcr24TG_TTTACTGCACATGGGA-1,Dhcr24TG,15922,3651,5,5,Macrophages
Dhcr24TG_TTTACTGCACTTACGA-1,Dhcr24TG,7246,1949,0,0,Macrophages
Dhcr24TG_TTTACTGGTAGCCTCG-1,Dhcr24TG,6486,2275,1,1,Macrophages
Dhcr24TG_TTTATGCCAGAGCCAA-1,Dhcr24TG,8942,2550,1,1,Macrophages
Dhcr24TG_TTTATGCGTAAGTGTA-1,Dhcr24TG,6687,1939,7,7,Macrophages
Dhcr24TG_TTTATGCTCATAAAGG-1,Dhcr24TG,10979,2784,1,1,Macrophages
Dhcr24TG_TTTATGCTCGCTTGTC-1,Dhcr24TG,2952,1152,0,0,Macrophages
Dhcr24TG_TTTATGCTCTCGATGA-1,Dhcr24TG,5176,1515,0,0,Macrophages
Dhcr24TG_TTTGCGCTCTATCCCG-1,Dhcr24TG,5359,1567,0,0,Macrophages
Dhcr24TG_TTTGGTTGTCACACGC-1,Dhcr24TG,2602,1224,7,7,Macrophages
Dhcr24TG_TTTGTCAAGACCCACC-1,Dhcr24TG,3020,1233,1,1,Macrophages
